iso_code,GDLcode,Nr_individuals,Nr_households,Source
AFG,AFGr101,7677973,970283,DHS (45)
AFG,AFGr102,1110807,148923,DHS (45)
AFG,AFGr103,3319330,356612,DHS (45)
AFG,AFGr104,4723510,580877,DHS (45)
AFG,AFGr105,4906960,623669,DHS (45)
AFG,AFGr106,3772858,407859,DHS (45)
AFG,AFGr107,3462175,348299,DHS (45)
AFG,AFGr108,4772552,642085,DHS (45)
AGO,AGOr201,810585,183392,DHS (45)
AGO,AGOr202,679743,145152,DHS (45)
AGO,AGOr203,1521189,307520,DHS (45)
AGO,AGOr204,7377655,1350119,DHS (45)
AGO,AGOr205,520888,128774,DHS (45)
AGO,AGOr206,2042676,461171,DHS (45)
AGO,AGOr207,1128965,238915,DHS (45)
AGO,AGOr208,934129,212122,DHS (45)
AGO,AGOr209,2284520,466438,DHS (45)
AGO,AGOr210,2116462,432773,DHS (45)
AGO,AGOr211,1519078,338279,DHS (45)
AGO,AGOr212,909212,226310,DHS (45)
AGO,AGOr213,567624,143182,DHS (45)
AGO,AGOr214,547023,112045,DHS (45)
AGO,AGOr215,2848748,542627,DHS (45)
AGO,AGOr216,1158966,206719,DHS (45)
AGO,AGOr217,592212,122823,DHS (45)
AGO,AGOr218,448127,105799,DHS (45)
ALB,ALBr201,2305,698,DHS (45)
ALB,ALBr202,2279,576,DHS (45)
ALB,ALBr203,5226,1507,DHS (45)
ALB,ALBr204,5018,1506,DHS (45)
ALB,ALBr205,5280,1582,DHS (45)
ALB,ALBr206,1285,398,DHS (45)
ALB,ALBr207,4360,1208,DHS (45)
ALB,ALBr208,1439,357,DHS (45)
ALB,ALBr209,2281,647,DHS (45)
ALB,ALBr210,3640,1065,DHS (45)
ALB,ALBr211,15814,4868,DHS (45)
ALB,ALBr212,3191,1119,DHS (45)
AND,ANDt,72350,23880,Modeled using LIS data (49)
ARE,AREt,8751298,2846374,Modeled using LIS data (49)
ARG,ARGr101,2976745,986684,Modeled using LIS data (49)
ARG,ARGr102,16636332,5483708,Modeled using LIS data (49)
ARG,ARGr103,1514961,502485,Modeled using LIS data (49)
ARG,ARGr104,3539097,1172282,Modeled using LIS data (49)
ARG,ARGr105,3654900,1210052,Modeled using LIS data (49)
ARG,ARGr106,1715117,568886,Modeled using LIS data (49)
ARG,ARGr107,2404918,797109,Modeled using LIS data (49)
ARG,ARGr108,2107274,698682,Modeled using LIS data (49)
ARG,ARGr109,2766304,916779,Modeled using LIS data (49)
ARG,ARGr110,3484039,1154193,Modeled using LIS data (49)
ARG,ARGr111,2548593,844623,Modeled using LIS data (49)
ARM,ARMr101,131184,34398,DHS (45)
ARM,ARMr102,259901,66612,DHS (45)
ARM,ARMr103,291014,71566,DHS (45)
ARM,ARMr104,210527,55734,DHS (45)
ARM,ARMr105,209524,68023,DHS (45)
ARM,ARMr106,209579,55136,DHS (45)
ARM,ARMr107,233360,67371,DHS (45)
ARM,ARMr108,115370,39455,DHS (45)
ARM,ARMr109,45987,13191,DHS (45)
ARM,ARMr110,107274,29275,DHS (45)
ARM,ARMr111,1067842,304537,DHS (45)
ATG,ATGt,87427,28572,Modeled using LIS data (49)
AUS,AUSr101,7469838,2433967,Modeled using LIS data (49)
AUS,AUSr102,6042479,1968950,Modeled using LIS data (49)
AUS,AUSr103,4765154,1553508,Modeled using LIS data (49)
AUS,AUSr104,1709078,557752,Modeled using LIS data (49)
AUS,AUSr105,2460911,802960,Modeled using LIS data (49)
AUS,AUSr106,507576,165687,Modeled using LIS data (49)
AUS,AUSr107,230193,75098,Modeled using LIS data (49)
AUS,AUSr108,387056,126370,Modeled using LIS data (49)
AUT,AUTr101,295335,119808,LIS (33)
AUT,AUTr102,1675300,735911,LIS (33)
AUT,AUTr103,1781785,912929,LIS (33)
AUT,AUTr104,563228,265311,LIS (33)
AUT,AUTr105,1233794,558300,LIS (33)
AUT,AUTr106,1436624,643356,LIS (33)
AUT,AUTr107,543896,244538,LIS (33)
AUT,AUTr108,740791,291580,LIS (33)
AUT,AUTr109,380941,150080,LIS (33)
AZE,AZEr101,2113198,422556,Modeled using LIS data (49)
AZE,AZEr102,619745,123846,Modeled using LIS data (49)
AZE,AZEr103,1262857,253156,Modeled using LIS data (49)
AZE,AZEr104,606988,121517,Modeled using LIS data (49)
AZE,AZEr105,892412,179091,Modeled using LIS data (49)
AZE,AZEr106,530186,106397,Modeled using LIS data (49)
AZE,AZEr107,1968760,395183,Modeled using LIS data (49)
AZE,AZEr108,649756,130184,Modeled using LIS data (49)
AZE,AZEr109,311463,62586,Modeled using LIS data (49)
BDI,BDIr101,3344823,702992,DHS (45)
BDI,BDIr102,1363275,250173,DHS (45)
BDI,BDIr103,1355538,263426,DHS (45)
BDI,BDIr104,2484136,484302,DHS (45)
BDI,BDIr105,2170075,449988,DHS (45)
BEL,BELr101,1171069,551546,LIS (33)
BEL,BELr102,1817394,791619,LIS (33)
BEL,BELr103,867257,378438,LIS (33)
BEL,BELr104,1488056,648531,LIS (33)
BEL,BELr105,1119206,487862,LIS (33)
BEL,BELr106,1163537,507185,LIS (33)
BEL,BELr107,396453,176054,LIS (33)
BEL,BELr108,1337176,593069,LIS (33)
BEL,BELr109,1100306,488046,LIS (33)
BEL,BELr110,281062,124679,LIS (33)
BEL,BELr111,488158,216742,LIS (33)
BEN,BENr101,1498329,215202,DHS (45)
BEN,BENr102,2186584,477867,DHS (45)
BEN,BENr103,2319339,331542,DHS (45)
BEN,BENr104,1289450,278727,DHS (45)
BEN,BENr105,1894779,417133,DHS (45)
BEN,BENr106,1719704,351429,DHS (45)
BFA,BFAr101,1810668,404638,Modeled using DHS data (51)
BFA,BFAr102,818209,179840,Modeled using DHS data (51)
BFA,BFAr103,2478693,520251,Modeled using DHS data (51)
BFA,BFAr104,1512610,337248,Modeled using DHS data (51)
BFA,BFAr105,1573544,352218,Modeled using DHS data (51)
BFA,BFAr106,1531181,339507,Modeled using DHS data (51)
BFA,BFAr107,788535,175255,Modeled using DHS data (51)
BFA,BFAr108,1726090,386493,Modeled using DHS data (51)
BFA,BFAr109,2024648,424054,Modeled using DHS data (51)
BFA,BFAr110,1461124,324859,Modeled using DHS data (51)
BFA,BFAr111,856602,190840,Modeled using DHS data (51)
BFA,BFAr112,1314010,294547,Modeled using DHS data (51)
BFA,BFAr113,809922,181711,Modeled using DHS data (51)
BGD,BGDr201,4174847,838859,DHS (45)
BGD,BGDr202,4368500,880932,DHS (45)
BGD,BGDr203,8303723,1649839,DHS (45)
BGD,BGDr204,2934511,532734,DHS (45)
BGD,BGDr205,1347745,299691,DHS (45)
BGD,BGDr206,6832992,1277134,DHS (45)
BGD,BGDr207,11472237,2112057,DHS (45)
BGD,BGDr208,14017060,3097930,DHS (45)
BGD,BGDr209,10436853,2323967,DHS (45)
BGD,BGDr210,7757618,1731793,DHS (45)
BGD,BGDr211,11200415,2182390,DHS (45)
BGD,BGDr212,4671426,954947,DHS (45)
BGD,BGDr213,5242193,1063074,DHS (45)
BGD,BGDr214,5933292,1302482,DHS (45)
BGD,BGDr215,4747285,1053931,DHS (45)
BGD,BGDr216,5828652,1301920,DHS (45)
BGD,BGDr217,7379637,1668816,DHS (45)
BGD,BGDr218,7904676,1678137,DHS (45)
BGD,BGDr219,7193497,1700172,DHS (45)
BGD,BGDr220,7720293,1674350,DHS (45)
BGD,BGDr221,6714535,1433769,DHS (45)
BGD,BGDr222,6015311,1042960,DHS (45)
BGD,BGDr223,5033873,840170,DHS (45)
BGR,BGRr101,790872,237352,Modeled using LIS data (49)
BGR,BGRr102,828053,248692,Modeled using LIS data (49)
BGR,BGRr103,967286,291853,Modeled using LIS data (49)
BGR,BGRr104,1056558,319556,Modeled using LIS data (49)
BGR,BGRr105,2186120,672970,Modeled using LIS data (49)
BGR,BGRr106,1474303,449924,Modeled using LIS data (49)
BHS,BHSt,369780,121309,Modeled using LIS data (49)
BIH,BIHr101,277041,76921,Modeled using LIS data (49)
BIH,BIHr102,543615,151627,Modeled using LIS data (49)
BIH,BIHr103,1061818,298039,Modeled using LIS data (49)
BIH,BIHr104,405437,112863,Modeled using LIS data (49)
BIH,BIHr105,1256118,353827,Modeled using LIS data (49)
BLR,BLRr101,1479788,451616,Modeled using LIS data (49)
BLR,BLRr102,1298814,394994,Modeled using LIS data (49)
BLR,BLRr103,1480670,451741,Modeled using LIS data (49)
BLR,BLRr104,1078402,326033,Modeled using LIS data (49)
BLR,BLRr105,3294941,1024574,Modeled using LIS data (49)
BLR,BLRr106,1098926,332738,Modeled using LIS data (49)
BLZ,BLZr101,88416,20056,Modeled using DHS data (51)
BLZ,BLZr102,102982,23551,Modeled using DHS data (51)
BLZ,BLZr103,84598,19281,Modeled using DHS data (51)
BLZ,BLZr104,68001,15520,Modeled using DHS data (51)
BOL,BOLr101,1966647,448370,Modeled using DHS data (51)
BOL,BOLr102,2967804,670192,Modeled using DHS data (51)
BOL,BOLr103,622387,141106,Modeled using DHS data (51)
BOL,BOLr104,550214,124857,Modeled using DHS data (51)
BOL,BOLr105,929994,211961,Modeled using DHS data (51)
BOL,BOLr106,519606,117907,Modeled using DHS data (51)
BOL,BOLr107,2896820,647111,Modeled using DHS data (51)
BOL,BOLr108,483801,109848,Modeled using DHS data (51)
BOL,BOLr109,136540,31061,Modeled using DHS data (51)
BRA,BRAr101,1687980,550414,LIS (33)
BRA,BRAr102,808254,233504,LIS (33)
BRA,BRAr103,3934089,1131904,LIS (33)
BRA,BRAr104,520728,157185,LIS (33)
BRA,BRAr105,8407635,2495107,LIS (33)
BRA,BRAr106,785085,219683,LIS (33)
BRA,BRAr107,1527716,506316,LIS (33)
BRA,BRAr108,7073679,2087745,LIS (33)
BRA,BRAr109,3303917,1083899,LIS (33)
BRA,BRAr110,9016965,2886198,LIS (33)
BRA,BRAr111,3444320,1108471,LIS (33)
BRA,BRAr112,3979756,1316964,LIS (33)
BRA,BRAr113,9459613,3198771,LIS (33)
BRA,BRAr114,3298865,1083398,LIS (33)
BRA,BRAr115,2269332,767955,LIS (33)
BRA,BRAr116,14704225,4953236,LIS (33)
BRA,BRAr117,20949719,7303971,LIS (33)
BRA,BRAr118,3831878,1318747,LIS (33)
BRA,BRAr119,17008083,6124612,LIS (33)
BRA,BRAr120,44125834,14525434,LIS (33)
BRA,BRAr121,11111585,3783385,LIS (33)
BRA,BRAr122,6750433,2317032,LIS (33)
BRA,BRAr123,11185227,4022996,LIS (33)
BRA,BRAr124,2687009,930549,LIS (33)
BRA,BRAr125,3360212,1136994,LIS (33)
BRA,BRAr126,6784104,2322346,LIS (33)
BRA,BRAr127,2967569,1044401,LIS (33)
BRN,BRNt,417655,129706,Modeled using LIS data (49)
BTN,BTNr101,18874,4287,Modeled using DHS data (51)
BTN,BTNr102,160761,36507,Modeled using DHS data (51)
BTN,BTNr103,26504,6005,Modeled using DHS data (51)
BTN,BTNr104,2869,659,Modeled using DHS data (51)
BTN,BTNr105,14835,3337,Modeled using DHS data (51)
BTN,BTNr106,16035,3606,Modeled using DHS data (51)
BTN,BTNr107,43483,9835,Modeled using DHS data (51)
BTN,BTNr108,42232,9646,Modeled using DHS data (51)
BTN,BTNr109,24087,5435,Modeled using DHS data (51)
BTN,BTNr110,22328,5080,Modeled using DHS data (51)
BTN,BTNr111,43417,9834,Modeled using DHS data (51)
BTN,BTNr112,68171,15431,Modeled using DHS data (51)
BTN,BTNr113,45563,10332,Modeled using DHS data (51)
BTN,BTNr114,113510,25913,Modeled using DHS data (51)
BTN,BTNr115,55500,12545,Modeled using DHS data (51)
BTN,BTNr116,19059,4264,Modeled using DHS data (51)
BTN,BTNr117,15258,3476,Modeled using DHS data (51)
BTN,BTNr118,21890,4954,Modeled using DHS data (51)
BTN,BTNr119,40447,9131,Modeled using DHS data (51)
BTN,BTNr120,21085,4777,Modeled using DHS data (51)
BWA,BWAr101,715263,163000,Modeled using DHS data (51)
BWA,BWAr102,52064,11914,Modeled using DHS data (51)
BWA,BWAr103,58447,13360,Modeled using DHS data (51)
BWA,BWAr104,108781,24961,Modeled using DHS data (51)
BWA,BWAr105,355800,81274,Modeled using DHS data (51)
BWA,BWAr106,180666,41356,Modeled using DHS data (51)
BWA,BWAr107,181791,41560,Modeled using DHS data (51)
BWA,BWAr108,387837,87736,Modeled using DHS data (51)
BWA,BWAr109,237859,54301,Modeled using DHS data (51)
BWA,BWAr110,26846,6159,Modeled using DHS data (51)
CAF,CAFr101,1657643,367021,Modeled using DHS data (51)
CAF,CAFr102,807797,169582,Modeled using DHS data (51)
CAF,CAFr103,918416,192965,Modeled using DHS data (51)
CAF,CAFr104,548990,118594,Modeled using DHS data (51)
CAF,CAFr105,532847,111569,Modeled using DHS data (51)
CAF,CAFr106,368830,82294,Modeled using DHS data (51)
CAN,CANr101,495763,204383,LIS (33)
CAN,CANr102,251148,107140,LIS (33)
CAN,CANr103,923978,414569,LIS (33)
CAN,CANr104,765663,345924,LIS (33)
CAN,CANr105,7970796,3452692,LIS (33)
CAN,CANr106,13637519,5397800,LIS (33)
CAN,CANr107,1294572,538248,LIS (33)
CAN,CANr108,1129146,481844,LIS (33)
CAN,CANr109,4098956,1596810,LIS (33)
CAN,CANr110,4652856,1986398,LIS (33)
CHE,CHEr101,1595215,731393,LIS (33)
CHE,CHEr102,1824063,853058,LIS (33)
CHE,CHEr103,1092396,492835,LIS (33)
CHE,CHEr104,1448805,692320,LIS (33)
CHE,CHEr105,1142548,527162,LIS (33)
CHE,CHEr106,799938,359425,LIS (33)
CHE,CHEr107,352653,169140,LIS (33)
CHL,CHLr101,512022,161857,LIS (33)
CHL,CHLr102,581931,176700,LIS (33)
CHL,CHLr103,289934,88332,LIS (33)
CHL,CHLr104,766731,238622,LIS (33)
CHL,CHLr105,1840062,606969,LIS (33)
CHL,CHLr106,926067,299888,LIS (33)
CHL,CHLr107,1049404,346284,LIS (33)
CHL,CHLr108,2099490,685926,LIS (33)
CHL,CHLr109,1066961,351347,LIS (33)
CHL,CHLr110,1216302,381359,LIS (33)
CHL,CHLr111,111222,38027,LIS (33)
CHL,CHLr112,157680,56444,LIS (33)
CHL,CHLr113,7209102,2251463,LIS (33)
CHN,CHNr101,21433301,6494572,LIS (33)
CHN,CHNr102,14939948,4527280,LIS (33)
CHN,CHNr103,75429272,22863963,LIS (33)
CHN,CHNr104,37891640,11484608,LIS (33)
CHN,CHNr105,25797045,7817906,LIS (33)
CHN,CHNr106,44679601,15410139,LIS (33)
CHN,CHNr107,27943957,9638966,LIS (33)
CHN,CHNr108,39271833,13546328,LIS (33)
CHN,CHNr109,26705858,8153154,LIS (33)
CHN,CHNr110,84272929,25779675,LIS (33)
CHN,CHNr111,57700202,17643959,LIS (33)
CHN,CHNr112,61497546,18811791,LIS (33)
CHN,CHNr113,37847295,11571310,LIS (33)
CHN,CHNr114,47659608,14576349,LIS (33)
CHN,CHNr115,98580916,30167177,LIS (33)
CHN,CHNr116,97157978,26382405,LIS (33)
CHN,CHNr117,57020073,15549283,LIS (33)
CHN,CHNr118,68107149,18583509,LIS (33)
CHN,CHNr119,111542587,30195803,LIS (33)
CHN,CHNr120,47630466,13074458,LIS (33)
CHN,CHNr121,9076975,2494678,LIS (33)
CHN,CHNr122,30510267,8772039,LIS (33)
CHN,CHNr123,80204631,23183501,LIS (33)
CHN,CHNr124,35173695,10205946,LIS (33)
CHN,CHNr125,47976389,13921942,LIS (33)
CHN,CHNr126,3200375,932510,LIS (33)
CHN,CHNr127,38611133,10331696,LIS (33)
CHN,CHNr128,25930204,6923923,LIS (33)
CHN,CHNr129,6095349,1628676,LIS (33)
CHN,CHNr130,6833000,1827134,LIS (33)
CHN,CHNr131,23857743,6371293,LIS (33)
CHN,CHNr132,7003218,1880920,LIS (33)
CIV,CIVr101,1669992,484474,LIS (33)
CIV,CIVr102,585070,125010,LIS (33)
CIV,CIVr103,1474904,187109,LIS (33)
CIV,CIVr104,3328038,543284,LIS (33)
CIV,CIVr105,1685762,299223,LIS (33)
CIV,CIVr106,972168,199607,LIS (33)
CIV,CIVr107,1189266,303219,LIS (33)
CIV,CIVr108,2494838,702718,LIS (33)
CIV,CIVr109,7801512,1875598,LIS (33)
CIV,CIVr110,2366639,507166,LIS (33)
CMR,CMRr101,1163533,225995,DHS (45)
CMR,CMRr102,4706866,868957,DHS (45)
CMR,CMRr103,906105,156387,DHS (45)
CMR,CMRr104,3913964,687743,DHS (45)
CMR,CMRr105,3718139,835198,DHS (45)
CMR,CMRr106,2373860,361730,DHS (45)
CMR,CMRr107,1988409,435430,DHS (45)
CMR,CMRr108,1886928,330753,DHS (45)
CMR,CMRr109,792270,130344,DHS (45)
CMR,CMRr110,1576466,440949,DHS (45)
COD,CODr101,8070105,1317997,DHS (45)
COD,CODr102,3353329,689502,DHS (45)
COD,CODr103,6574632,1225876,DHS (45)
COD,CODr104,7779242,1379047,DHS (45)
COD,CODr105,9424124,1871248,DHS (45)
COD,CODr106,6451719,1132625,DHS (45)
COD,CODr107,4506788,814035,DHS (45)
COD,CODr108,2141816,404401,DHS (45)
COD,CODr109,15076605,2695059,DHS (45)
COD,CODr110,6895306,1250469,DHS (45)
COD,CODr111,8367703,1502601,DHS (45)
COG,COGr201,618514,138263,Modeled using DHS data (51)
COG,COGr202,231805,52359,Modeled using DHS data (51)
COG,COGr203,167458,37428,Modeled using DHS data (51)
COG,COGr204,360858,80804,Modeled using DHS data (51)
COG,COGr205,379518,84884,Modeled using DHS data (51)
COG,COGr206,174182,39156,Modeled using DHS data (51)
COG,COGr207,218760,49872,Modeled using DHS data (51)
COG,COGr208,151160,33856,Modeled using DHS data (51)
COG,COGr209,125344,28085,Modeled using DHS data (51)
COG,COGr210,658109,147272,Modeled using DHS data (51)
COG,COGr211,1678624,357866,Modeled using DHS data (51)
COG,COGr212,300060,68746,Modeled using DHS data (51)
COL,COLr101,5865077,1926985,LIS survey (3)
COL,COLr102,2479635,819237,LIS survey (3)
COL,COLr103,8502597,2794025,LIS survey (3)
COL,COLr104,1976948,652572,LIS survey (3)
COL,COLr105,1205205,398612,LIS survey (3)
COL,COLr106,873939,289437,LIS survey (3)
COL,COLr107,490486,162511,LIS survey (3)
COL,COLr108,1296296,428264,LIS survey (3)
COL,COLr109,1005049,332697,LIS survey (3)
COL,COLr110,1650898,545136,LIS survey (3)
COL,COLr111,2637334,869635,LIS survey (3)
COL,COLr112,443251,146905,LIS survey (3)
COL,COLr113,1097052,362871,LIS survey (3)
COL,COLr114,887209,293660,LIS survey (3)
COL,COLr115,1230269,406932,LIS survey (3)
COL,COLr116,838518,277981,LIS survey (3)
COL,COLr117,1517922,501179,LIS survey (3)
COL,COLr118,1301722,430630,LIS survey (3)
COL,COLr119,574488,190572,LIS survey (3)
COL,COLr120,898182,297718,LIS survey (3)
COL,COLr121,2169854,716073,LIS survey (3)
COL,COLr122,785688,260039,LIS survey (3)
COL,COLr123,1256189,415242,LIS survey (3)
COL,COLr124,4525037,1490343,LIS survey (3)
COL,COLr125,300199,99577,LIS survey (3)
COL,COLr126,461492,153150,LIS survey (3)
COL,COLr127,357152,118537,LIS survey (3)
COL,COLr128,55029,18171,LIS survey (3)
COL,COLr129,89401,29604,LIS survey (3)
COL,COLr130,45226,14949,LIS survey (3)
COL,COLr131,117040,38792,LIS survey (3)
COL,COLr132,59665,19687,LIS survey (3)
COL,COLr133,80118,26521,LIS survey (3)
COM,COMr101,371288,85099,Modeled using DHS data (51)
COM,COMr102,46297,10524,Modeled using DHS data (51)
COM,COMr103,256840,57892,Modeled using DHS data (51)
CPV,CPVr101,39000,8898,Modeled using DHS data (51)
CPV,CPVr102,96108,21855,Modeled using DHS data (51)
CPV,CPVr103,267744,57679,Modeled using DHS data (51)
CPV,CPVr104,19803,4501,Modeled using DHS data (51)
CPV,CPVr105,43106,9856,Modeled using DHS data (51)
CRI,CRIr101,1593232,524358,Modeled using LIS data (49)
CRI,CRIr102,1018554,334677,Modeled using LIS data (49)
CRI,CRIr103,540919,177280,Modeled using LIS data (49)
CRI,CRIr104,488659,160416,Modeled using LIS data (49)
CRI,CRIr105,376378,123533,Modeled using LIS data (49)
CRI,CRIr106,457511,150048,Modeled using LIS data (49)
CRI,CRIr107,433902,142217,Modeled using LIS data (49)
CUB,CUBr101,1881005,618518,Modeled using LIS data (49)
CUB,CUBr102,2478352,815675,Modeled using LIS data (49)
CUB,CUBr103,2881438,947296,Modeled using LIS data (49)
CUB,CUBr104,3993769,1312600,Modeled using LIS data (49)
CYP,CYPt,821713,269127,Modeled using LIS data (49)
CZE,CZEr102,2674683,1086686,LIS (33)
CZE,CZEr103,1205099,519164,LIS (33)
CZE,CZEr104,1110461,476782,LIS (33)
CZE,CZEr105,1488525,623396,LIS (33)
CZE,CZEr106,1687053,702408,LIS (33)
CZE,CZEr107,1191859,472207,LIS (33)
CZE,CZEr108,1188151,488994,LIS (33)
DEU,DEUr101,10833059,5257979,LIS (33)
DEU,DEUr102,12898409,6542314,LIS (33)
DEU,DEUr103,3410184,2044116,LIS (33)
DEU,DEUr104,2502067,1326554,LIS (33)
DEU,DEUr105,665073,316760,LIS (33)
DEU,DEUr106,1739383,780812,LIS (33)
DEU,DEUr107,6170149,3044485,LIS (33)
DEU,DEUr108,1590384,922001,LIS (33)
DEU,DEUr109,7957720,4016672,LIS (33)
DEU,DEUr110,17889367,8683294,LIS (33)
DEU,DEUr111,4109540,2069123,LIS (33)
DEU,DEUr112,1006922,570456,LIS (33)
DEU,DEUr113,4096185,1912440,LIS (33)
DEU,DEUr114,2244232,1284426,LIS (33)
DEU,DEUr115,2859908,1463116,LIS (33)
DEU,DEUr116,2155255,1161813,LIS (33)
DJI,DJIr101,620655,138349,Modeled using DHS data (51)
DJI,DJIr102,361431,77852,Modeled using DHS data (51)
DMA,DMAt,60620,13836,Modeled using DHS data (51)
DNK,DNKr101,1743395,889959,LIS (33)
DNK,DNKr102,810126,381847,LIS (33)
DNK,DNKr103,1204404,590927,LIS (33)
DNK,DNKr104,1281985,630420,LIS (33)
DNK,DNKr105,573463,285701,LIS (33)
DOM,DOMr101,4005527,1056658,DHS (45)
DOM,DOMr102,1147038,303382,DHS (45)
DOM,DOMr103,1582213,447442,DHS (45)
DOM,DOMr104,666363,190430,DHS (45)
DOM,DOMr105,405233,100020,DHS (45)
DOM,DOMr106,1054005,312272,DHS (45)
DOM,DOMr107,295391,72600,DHS (45)
DOM,DOMr108,430341,126133,DHS (45)
DOM,DOMr109,744629,207850,DHS (45)
DZA,DZAr101,10980374,2429285,Modeled using DHS data (51)
DZA,DZAr102,5609420,1217557,Modeled using DHS data (51)
DZA,DZAr103,6489219,1448745,Modeled using DHS data (51)
DZA,DZAr104,3354582,753243,Modeled using DHS data (51)
DZA,DZAr105,6614888,1468726,Modeled using DHS data (51)
DZA,DZAr106,2318380,519037,Modeled using DHS data (51)
DZA,DZAr107,4021037,899125,Modeled using DHS data (51)
ECU,ECUr101,8030481,2634161,Modeled using LIS data (49)
ECU,ECUr102,896471,294675,Modeled using LIS data (49)
ECU,ECUr103,7231594,2371995,Modeled using LIS data (49)
EGY,EGYr101,9534829,2629098,DHS (45)
EGY,EGYr102,5257332,1473902,DHS (45)
EGY,EGYr103,729239,185090,DHS (45)
EGY,EGYr104,584435,142292,DHS (45)
EGY,EGYr105,1509560,350528,DHS (45)
EGY,EGYr106,6660031,1618745,DHS (45)
EGY,EGYr107,7189402,1658674,DHS (45)
EGY,EGYr108,5634638,1425155,DHS (45)
EGY,EGYr109,3533643,828351,DHS (45)
EGY,EGYr110,5301225,1347525,DHS (45)
EGY,EGYr111,4388933,1018141,DHS (45)
EGY,EGYr112,6379177,1450951,DHS (45)
EGY,EGYr113,1282246,296954,DHS (45)
EGY,EGYr114,9471335,2310046,DHS (45)
EGY,EGYr115,3143072,726533,DHS (45)
EGY,EGYr116,3496874,781675,DHS (45)
EGY,EGYr117,5677088,1264675,DHS (45)
EGY,EGYr118,4676396,978927,DHS (45)
EGY,EGYr119,5071935,1004692,DHS (45)
EGY,EGYr120,4924004,1030012,DHS (45)
EGY,EGYr121,1336214,271557,DHS (45)
EGY,EGYr122,1693966,378069,DHS (45)
ERI,ERIr101,88367,19619,Modeled using DHS data (51)
ERI,ERIr102,818331,186361,Modeled using DHS data (51)
ERI,ERIr103,426314,91070,Modeled using DHS data (51)
ERI,ERIr104,505503,107716,Modeled using DHS data (51)
ERI,ERIr105,649865,138434,Modeled using DHS data (51)
ERI,ERIr106,746165,160828,Modeled using DHS data (51)
ESP,ESPr101,2522946,933436,LIS (33)
ESP,ESPr102,1025042,459728,LIS (33)
ESP,ESPr103,554050,223556,LIS (33)
ESP,ESPr104,2062114,831771,LIS (33)
ESP,ESPr105,626498,256657,LIS (33)
ESP,ESPr106,321459,138770,LIS (33)
ESP,ESPr107,1328525,565996,LIS (33)
ESP,ESPr108,6732184,2794177,LIS (33)
ESP,ESPr109,2387586,1039296,LIS (33)
ESP,ESPr110,2053602,830924,LIS (33)
ESP,ESPr111,1036476,412374,LIS (33)
ESP,ESPr112,7657632,3179858,LIS (33)
ESP,ESPr113,4908437,2021179,LIS (33)
ESP,ESPr114,1097589,419592,LIS (33)
ESP,ESPr115,8017381,2910474,LIS (33)
ESP,ESPr116,1472404,565722,LIS (33)
ESP,ESPr119,2021054,740887,LIS (33)
EST,ESTr101,593425,273072,LIS (33)
EST,ESTr102,144767,64328,LIS (33)
EST,ESTr103,120274,56300,LIS (33)
EST,ESTr104,138942,62825,LIS (33)
EST,ESTr105,307370,142305,LIS (33)
ETH,ETHr101,6082556,1355565,DHS (45)
ETH,ETHr102,1844252,397204,DHS (45)
ETH,ETHr103,22566424,5149595,DHS (45)
ETH,ETHr104,38201068,7430791,DHS (45)
ETH,ETHr105,6069582,1137114,DHS (45)
ETH,ETHr106,1103488,247633,DHS (45)
ETH,ETHr107,20902369,4114117,DHS (45)
ETH,ETHr108,502449,120740,DHS (45)
ETH,ETHr109,255299,64793,DHS (45)
ETH,ETHr110,4284694,1128540,DHS (45)
ETH,ETHr111,466078,109947,DHS (45)
FIN,FINr101,1373513,451488,Modeled using LIS data (49)
FIN,FINr102,1561481,512975,Modeled using LIS data (49)
FIN,FINr103,1148667,377716,Modeled using LIS data (49)
FIN,FINr104,1279951,420746,Modeled using LIS data (49)
FIN,FINr105,30228,9908,Modeled using LIS data (49)
FRA,FRAr101,12010560,5152685,LIS (33)
FRA,FRAr102,1321196,632186,LIS (33)
FRA,FRAr103,1907237,811528,LIS (33)
FRA,FRAr104,1828308,829160,LIS (33)
FRA,FRAr105,2558138,1166400,LIS (33)
FRA,FRAr106,1458299,670932,LIS (33)
FRA,FRAr107,1635556,786294,LIS (33)
FRA,FRAr108,4017496,1804804,LIS (33)
FRA,FRAr109,2322072,1094289,LIS (33)
FRA,FRAr110,1884537,875122,LIS (33)
FRA,FRAr111,1178899,548691,LIS (33)
FRA,FRAr112,3682854,1672813,LIS (33)
FRA,FRAr113,3262108,1547792,LIS (33)
FRA,FRAr114,1787476,872325,LIS (33)
FRA,FRAr115,3338980,1592081,LIS (33)
FRA,FRAr116,3010431,1402160,LIS (33)
FRA,FRAr117,733986,360834,LIS (33)
FRA,FRAr118,6445286,2913872,LIS (33)
FRA,FRAr119,1346300,669515,LIS (33)
FRA,FRAr120,2761258,1313137,LIS (33)
FRA,FRAr121,4933805,2242388,LIS (33)
FRA,FRAr122,307616,149216,LIS (33)
FSM,FSMt,81087,18159,Modeled using DHS data (51)
GAB,GABr101,789881,181325,Modeled using DHS data (51)
GAB,GABr102,464080,106376,Modeled using DHS data (51)
GAB,GABr103,74487,17012,Modeled using DHS data (51)
GAB,GABr104,106845,23887,Modeled using DHS data (51)
GAB,GABr105,52604,11912,Modeled using DHS data (51)
GAB,GABr106,67515,15023,Modeled using DHS data (51)
GAB,GABr107,78720,17605,Modeled using DHS data (51)
GAB,GABr108,135172,30483,Modeled using DHS data (51)
GAB,GABr109,209008,46839,Modeled using DHS data (51)
GBR,GBRr101,2356266,1063684,LIS marginals (1)
GBR,GBRr102,7187762,3181972,LIS marginals (1)
GBR,GBRr103,5356773,2333961,LIS marginals (1)
GBR,GBRr104,4865009,2109623,LIS marginals (1)
GBR,GBRr105,5793467,2467249,LIS marginals (1)
GBR,GBRr106,6214139,2665606,LIS marginals (1)
GBR,GBRr107,8674545,3625457,LIS marginals (1)
GBR,GBRr108,9046592,3870296,LIS marginals (1)
GBR,GBRr109,5244018,2315574,LIS marginals (1)
GBR,GBRr110,3086470,1371625,LIS marginals (1)
GBR,GBRr111,5369550,2496987,LIS marginals (1)
GBR,GBRr112,1857205,741088,LIS marginals (1)
GEO,GEOr102,311533,60493,LIS (33)
GEO,GEOr103,109087,31780,LIS (33)
GEO,GEOr104,502309,132951,LIS (33)
GEO,GEOr105,301753,75474,LIS (33)
GEO,GEOr106,431872,129940,LIS (33)
GEO,GEOr107,85789,22057,LIS (33)
GEO,GEOr108,30715,6550,LIS (33)
GEO,GEOr109,309608,100714,LIS (33)
GEO,GEOr110,152039,34722,LIS (33)
GEO,GEOr111,243484,50623,LIS (33)
GHA,GHAr101,2728637,810993,DHS (45)
GHA,GHAr102,2611447,736854,DHS (45)
GHA,GHAr103,4605378,1433839,DHS (45)
GHA,GHAr104,2454255,699182,DHS (45)
GHA,GHAr105,2909188,874383,DHS (45)
GHA,GHAr106,5904138,1662390,DHS (45)
GHA,GHAr107,2606314,729245,DHS (45)
GHA,GHAr108,3015756,533835,DHS (45)
GHA,GHAr109,776326,172702,DHS (45)
GHA,GHAr110,1125771,234988,DHS (45)
GIN,GINr101,1167477,256355,Modeled using DHS data (51)
GIN,GINr102,2059089,469115,Modeled using DHS data (51)
GIN,GINr103,979992,203297,Modeled using DHS data (51)
GIN,GINr104,2080317,426861,Modeled using DHS data (51)
GIN,GINr105,1787348,400879,Modeled using DHS data (51)
GIN,GINr106,1027370,212906,Modeled using DHS data (51)
GIN,GINr107,773625,167084,Modeled using DHS data (51)
GIN,GINr108,1719554,379158,Modeled using DHS data (51)
GMB,GMBr101,33158,6138,DHS (45)
GMB,GMBr102,357834,53660,DHS (45)
GMB,GMBr103,953026,111926,DHS (45)
GMB,GMBr104,91436,11837,DHS (45)
GMB,GMBr105,260874,30881,DHS (45)
GMB,GMBr106,255203,24739,DHS (45)
GMB,GMBr107,3498,426,DHS (45)
GMB,GMBr108,280611,27162,DHS (45)
GNB,GNBr101,103569,22693,Modeled using DHS data (51)
GNB,GNBr102,71092,15994,Modeled using DHS data (51)
GNB,GNBr103,251599,54588,Modeled using DHS data (51)
GNB,GNBr104,126158,28445,Modeled using DHS data (51)
GNB,GNBr105,35026,7873,Modeled using DHS data (51)
GNB,GNBr106,235459,50661,Modeled using DHS data (51)
GNB,GNBr107,243769,52473,Modeled using DHS data (51)
GNB,GNBr108,216749,48675,Modeled using DHS data (51)
GNB,GNBr109,469150,105414,Modeled using DHS data (51)
GNQ,GNQr101,324474,67844,Modeled using DHS data (51)
GNQ,GNQr102,164812,38020,Modeled using DHS data (51)
GNQ,GNQr103,218639,50426,Modeled using DHS data (51)
GNQ,GNQr104,384764,86495,Modeled using DHS data (51)
GNQ,GNQr105,231686,53412,Modeled using DHS data (51)
GRC,GRCr101,3824799,1479316,LIS (33)
GRC,GRCr102,293863,105962,LIS (33)
GRC,GRCr103,183667,67000,LIS (33)
GRC,GRCr104,612121,217973,LIS (33)
GRC,GRCr105,597092,241221,LIS (33)
GRC,GRCr106,1869381,754181,LIS (33)
GRC,GRCr107,277658,112244,LIS (33)
GRC,GRCr108,340347,137854,LIS (33)
GRC,GRCr109,718561,287662,LIS (33)
GRC,GRCr110,194755,77975,LIS (33)
GRC,GRCr111,644688,258058,LIS (33)
GRC,GRCr112,521534,208632,LIS (33)
GRC,GRCr113,547276,218916,LIS (33)
GRD,GRDt,113047,37049,Modeled using LIS data (49)
GTM,GTMr101,3314386,748544,DHS (45)
GTM,GTMr102,1540334,286617,DHS (45)
GTM,GTMr103,1244404,261482,DHS (45)
GTM,GTMr104,1189929,245585,DHS (45)
GTM,GTMr105,1766718,375828,DHS (45)
GTM,GTMr106,3875889,740805,DHS (45)
GTM,GTMr107,2330668,410509,DHS (45)
GTM,GTMr108,727828,145540,DHS (45)
GUY,GUYr101,26961,6054,Modeled using DHS data (51)
GUY,GUYr102,40022,9112,Modeled using DHS data (51)
GUY,GUYr103,103100,23621,Modeled using DHS data (51)
GUY,GUYr104,310420,71204,Modeled using DHS data (51)
GUY,GUYr105,50278,11460,Modeled using DHS data (51)
GUY,GUYr106,106200,24254,Modeled using DHS data (51)
GUY,GUYr107,18751,4297,Modeled using DHS data (51)
GUY,GUYr108,10063,2274,Modeled using DHS data (51)
GUY,GUYr109,25937,5863,Modeled using DHS data (51)
GUY,GUYr110,39902,9160,Modeled using DHS data (51)
HND,HNDr101,478676,108706,Modeled using DHS data (51)
HND,HNDr102,328301,73718,Modeled using DHS data (51)
HND,HNDr103,552021,123710,Modeled using DHS data (51)
HND,HNDr104,419842,93412,Modeled using DHS data (51)
HND,HNDr105,1779698,407398,Modeled using DHS data (51)
HND,HNDr106,468230,104107,Modeled using DHS data (51)
HND,HNDr107,486185,108193,Modeled using DHS data (51)
HND,HNDr108,1737992,397750,Modeled using DHS data (51)
HND,HNDr109,100091,22453,Modeled using DHS data (51)
HND,HNDr110,253740,56573,Modeled using DHS data (51)
HND,HNDr111,54848,12556,Modeled using DHS data (51)
HND,HNDr112,211641,47226,Modeled using DHS data (51)
HND,HNDr113,343279,76444,Modeled using DHS data (51)
HND,HNDr114,158566,35581,Modeled using DHS data (51)
HND,HNDr115,577278,128779,Modeled using DHS data (51)
HND,HNDr116,469751,104817,Modeled using DHS data (51)
HND,HNDr117,183041,41010,Modeled using DHS data (51)
HND,HNDr118,640977,143535,Modeled using DHS data (51)
HRV,HRVr101,882913,261301,Modeled using LIS data (49)
HRV,HRVr102,246318,70159,Modeled using LIS data (49)
HRV,HRVr103,131011,36928,Modeled using LIS data (49)
HRV,HRVr104,178118,50319,Modeled using LIS data (49)
HRV,HRVr105,114097,31906,Modeled using LIS data (49)
HRV,HRVr106,113684,31843,Modeled using LIS data (49)
HRV,HRVr107,116836,32656,Modeled using LIS data (49)
HRV,HRVr108,83268,23179,Modeled using LIS data (49)
HRV,HRVr109,76966,21368,Modeled using LIS data (49)
HRV,HRVr110,153956,43374,Modeled using LIS data (49)
HRV,HRVr111,296642,85142,Modeled using LIS data (49)
HRV,HRVr112,166657,47065,Modeled using LIS data (49)
HRV,HRVr113,128042,36005,Modeled using LIS data (49)
HRV,HRVr114,169707,47932,Modeled using LIS data (49)
HRV,HRVr115,284781,81433,Modeled using LIS data (49)
HRV,HRVr116,49593,13929,Modeled using LIS data (49)
HRV,HRVr117,166020,46828,Modeled using LIS data (49)
HRV,HRVr118,105536,29428,Modeled using LIS data (49)
HRV,HRVr119,435456,126205,Modeled using LIS data (49)
HRV,HRVr120,200650,56752,Modeled using LIS data (49)
HRV,HRVr121,113617,31735,Modeled using LIS data (49)
HTI,HTIr101,3199425,752797,DHS (45)
HTI,HTIr102,633597,144802,DHS (45)
HTI,HTIr103,1100482,223746,DHS (45)
HTI,HTIr104,417703,87261,DHS (45)
HTI,HTIr105,1872733,439251,DHS (45)
HTI,HTIr106,787515,168691,DHS (45)
HTI,HTIr107,767294,163106,DHS (45)
HTI,HTIr108,820173,181484,DHS (45)
HTI,HTIr109,761816,159724,DHS (45)
HUN,HUNr101,2972459,1316463,LIS (33)
HUN,HUNr102,1050661,339128,LIS (33)
HUN,HUNr103,982242,301237,LIS (33)
HUN,HUNr104,900468,437390,LIS (33)
HUN,HUNr105,1178965,537448,LIS (33)
HUN,HUNr106,1510785,612547,LIS (33)
HUN,HUNr107,1266454,557375,LIS (33)
IDN,IDNr101,4622962,1085661,DHS (45)
IDN,IDNr102,13734491,3095830,DHS (45)
IDN,IDNr103,5166410,1187568,DHS (45)
IDN,IDNr104,6679081,1543164,DHS (45)
IDN,IDNr105,3499748,877449,DHS (45)
IDN,IDNr106,7890274,1869369,DHS (45)
IDN,IDNr107,1825051,463080,DHS (45)
IDN,IDNr108,8109824,2088813,DHS (45)
IDN,IDNr109,1385707,363131,DHS (45)
IDN,IDNr110,9998968,2381187,DHS (45)
IDN,IDNr111,47948359,11794517,DHS (45)
IDN,IDNr112,33256020,8778229,DHS (45)
IDN,IDNr113,3676636,1050864,DHS (45)
IDN,IDNr114,38752749,10280609,DHS (45)
IDN,IDNr115,12221659,2875104,DHS (45)
IDN,IDNr116,4254111,1112459,DHS (45)
IDN,IDNr117,4797815,1267172,DHS (45)
IDN,IDNr118,5028733,1042535,DHS (45)
IDN,IDNr120,4748141,1045946,DHS (45)
IDN,IDNr121,2455670,630642,DHS (45)
IDN,IDNr122,3976737,1045943,DHS (45)
IDN,IDNr123,4143263,950279,DHS (45)
IDN,IDNr124,2381011,594765,DHS (45)
IDN,IDNr125,2727163,643781,DHS (45)
IDN,IDNr126,9818350,2217168,DHS (45)
IDN,IDNr127,2405908,521555,DHS (45)
IDN,IDNr128,1140321,260167,DHS (45)
IDN,IDNr129,2543458,520390,DHS (45)
IDN,IDNr130,6912330,1432525,DHS (45)
IND,INDr101,52271182,12749116,DHS (45)
IND,INDr102,33626831,7176601,DHS (45)
IND,INDr103,116290267,21215627,DHS (45)
IND,INDr104,1511589,379700,DHS (45)
IND,INDr105,66597923,13784142,DHS (45)
IND,INDr106,27744284,5496557,DHS (45)
IND,INDr107,7397952,1664732,DHS (45)
IND,INDr108,13855192,2697392,DHS (45)
IND,INDr109,66357681,14730526,DHS (45)
IND,INDr110,37156976,9232324,DHS (45)
IND,INDr111,79578256,15660537,DHS (45)
IND,INDr112,121121607,25619838,DHS (45)
IND,INDr113,3206272,674798,DHS (45)
IND,INDr114,3479216,689440,DHS (45)
IND,INDr115,1257483,277612,DHS (45)
IND,INDr116,2156373,512463,DHS (45)
IND,INDr117,45217380,10330175,DHS (45)
IND,INDr118,30024952,6300328,DHS (45)
IND,INDr119,75729835,14659914,DHS (45)
IND,INDr120,644595,157820,DHS (45)
IND,INDr121,78361668,19804071,DHS (45)
IND,INDr122,97586593,21475976,DHS (45)
IND,INDr123,219533849,39731134,DHS (45)
IND,INDr124,18241896,3964430,DHS (45)
IND,INDr125,1547264,365393,DHS (45)
IND,INDr126,4058041,997555,DHS (45)
IND,INDr127,11193759,2433352,DHS (45)
IND,INDr128,36732691,7315393,DHS (45)
IND,INDr129,27931187,5803044,DHS (45)
IND,INDr130,37970659,9298370,DHS (45)
IND,INDr131,855232,200723,DHS (45)
IND,INDr132,492564,107251,DHS (45)
IND,INDr133,1200895,294416,DHS (45)
IND,INDr134,161358,43286,DHS (45)
IND,INDr135,48852,9523,DHS (45)
IND,INDr136,373850,90787,DHS (45)
IRL,IRLr101,502770,197581,LIS (33)
IRL,IRLr102,283779,95156,LIS (33)
IRL,IRLr103,452146,177730,LIS (33)
IRL,IRLr104,1285540,422309,LIS (33)
IRL,IRLr105,585573,194130,LIS (33)
IRL,IRLr106,304983,107935,LIS (33)
IRL,IRLr107,568859,200047,LIS (33)
IRL,IRLr108,657102,230756,LIS (33)
IRN,IRNr101,1698375,479581,Modeled using LIS data (49)
IRN,IRNr102,2029568,574787,Modeled using LIS data (49)
IRN,IRNr103,3040232,867537,Modeled using LIS data (49)
IRN,IRNr104,3171041,905900,Modeled using LIS data (49)
IRN,IRNr105,2986935,850651,Modeled using LIS data (49)
IRN,IRNr106,1617139,456427,Modeled using LIS data (49)
IRN,IRNr107,5215959,1507456,Modeled using LIS data (49)
IRN,IRNr108,8732078,2562040,Modeled using LIS data (49)
IRN,IRNr109,3962762,1137073,Modeled using LIS data (49)
IRN,IRNr110,9290592,2728975,Modeled using LIS data (49)
IRN,IRNr111,4488097,1292268,Modeled using LIS data (49)
IRN,IRNr112,2571753,730021,Modeled using LIS data (49)
IRN,IRNr113,1267458,356205,Modeled using LIS data (49)
IRN,IRNr114,2061992,584085,Modeled using LIS data (49)
IRN,IRNr115,994617,278893,Modeled using LIS data (49)
IRN,IRNr116,1870990,529223,Modeled using LIS data (49)
IRN,IRNr117,456685,127122,Modeled using LIS data (49)
IRN,IRNr118,715403,200046,Modeled using LIS data (49)
IRN,IRNr119,932379,261258,Modeled using LIS data (49)
IRN,IRNr120,853958,239117,Modeled using LIS data (49)
IRN,IRNr121,708879,198155,Modeled using LIS data (49)
IRN,IRNr122,906029,254000,Modeled using LIS data (49)
IRN,IRNr123,1586194,447629,Modeled using LIS data (49)
IRN,IRNr124,14640272,4361939,Modeled using LIS data (49)
IRN,IRNr125,1477483,416155,Modeled using LIS data (49)
IRN,IRNr126,970588,272307,Modeled using LIS data (49)
IRN,IRNr127,1037750,291152,Modeled using LIS data (49)
IRN,IRNr128,1696263,479138,Modeled using LIS data (49)
IRN,IRNr129,841814,235697,Modeled using LIS data (49)
IRN,IRNr130,477675,133156,Modeled using LIS data (49)
IRQ,IRQr101,1639621,353829,Modeled using DHS data (51)
IRQ,IRQr102,3640127,777713,Modeled using DHS data (51)
IRQ,IRQr103,1858785,400479,Modeled using DHS data (51)
IRQ,IRQr104,1371562,296530,Modeled using DHS data (51)
IRQ,IRQr105,2141060,460432,Modeled using DHS data (51)
IRQ,IRQr106,1807139,389378,Modeled using DHS data (51)
IRQ,IRQr107,2071088,445670,Modeled using DHS data (51)
IRQ,IRQr108,4856406,1034698,Modeled using DHS data (51)
IRQ,IRQr109,2394383,514239,Modeled using DHS data (51)
IRQ,IRQr110,1153544,262268,Modeled using DHS data (51)
IRQ,IRQr111,1461739,331129,Modeled using DHS data (51)
IRQ,IRQr112,2570089,551584,Modeled using DHS data (51)
IRQ,IRQr113,1454950,331531,Modeled using DHS data (51)
IRQ,IRQr114,1839147,417064,Modeled using DHS data (51)
IRQ,IRQr115,938707,213263,Modeled using DHS data (51)
IRQ,IRQr116,2032492,437477,Modeled using DHS data (51)
IRQ,IRQr117,1424802,323152,Modeled using DHS data (51)
IRQ,IRQr118,3097158,703254,Modeled using DHS data (51)
ISL,ISLt,310007,101817,Modeled using LIS data (49)
ISR,ISRt,8002596,2491829,LIS (33)
ITA,ITAr101,4403412,1706351,LIS (33)
ITA,ITAr102,126381,51424,LIS (33)
ITA,ITAr103,1521106,609453,LIS (33)
ITA,ITAr104,10004825,4042440,LIS (33)
ITA,ITAr105,1290367,513207,LIS (33)
ITA,ITAr106,303159,92129,LIS (33)
ITA,ITAr107,5755389,2021202,LIS (33)
ITA,ITAr108,4002104,1557786,LIS (33)
ITA,ITAr109,561026,225094,LIS (33)
ITA,ITAr110,1872464,639590,LIS (33)
ITA,ITAr111,4876523,1859909,LIS (33)
ITA,ITAr112,1614561,619311,LIS (33)
ITA,ITAr115,4945033,1884921,LIS (33)
ITA,ITAr116,1253778,359688,LIS (33)
ITA,ITAr117,4459954,1887413,LIS (33)
ITA,ITAr118,3678442,1478887,LIS (33)
ITA,ITAr119,902398,278376,LIS (33)
ITA,ITAr120,1536464,571282,LIS (33)
ITA,ITAr121,5660915,2585355,LIS (33)
JAM,JAMr101,669541,152961,Modeled using DHS data (51)
JAM,JAMr102,280047,63140,Modeled using DHS data (51)
JAM,JAMr103,726772,165685,Modeled using DHS data (51)
JAM,JAMr104,227967,51357,Modeled using DHS data (51)
JAM,JAMr105,396871,89530,Modeled using DHS data (51)
JAM,JAMr106,444766,100145,Modeled using DHS data (51)
JOR,JORr101,3348146,728041,DHS (45)
JOR,JORr102,1051717,231412,DHS (45)
JOR,JORr103,1101503,226704,DHS (45)
JOR,JORr104,245172,49699,DHS (45)
JOR,JORr105,1879846,372792,DHS (45)
JOR,JORr106,502876,92156,DHS (45)
JOR,JORr107,172937,32548,DHS (45)
JOR,JORr108,293589,55752,DHS (45)
JOR,JORr109,381080,78898,DHS (45)
JOR,JORr110,139911,27343,DHS (45)
JOR,JORr111,173065,36080,DHS (45)
JOR,JORr112,196079,43331,DHS (45)
JPN,JPNr101,5401777,2463537,LIS (33)
JPN,JPNr102,9129839,2979600,LIS (33)
JPN,JPNr103,6815191,3023347,LIS (33)
JPN,JPNr104,38906151,17251412,LIS (33)
JPN,JPNr105,5342111,1559087,LIS (33)
JPN,JPNr106,14568468,4239298,LIS (33)
JPN,JPNr107,20268967,7902193,LIS (33)
JPN,JPNr108,7207123,2701804,LIS (33)
JPN,JPNr109,3773420,1194438,LIS (33)
JPN,JPNr110,14274128,5801606,LIS (33)
KAZ,KAZr102,8627387,2726176,Modeled using LIS data (49)
KAZ,KAZr103,2628895,805045,Modeled using LIS data (49)
KAZ,KAZr104,1386102,416994,Modeled using LIS data (49)
KAZ,KAZr105,3819442,1187199,Modeled using LIS data (49)
KAZ,KAZr106,1414627,424163,Modeled using LIS data (49)
KEN,KENr101,4178189,1383278,DHS (45)
KEN,KENr102,4848390,1435527,DHS (45)
KEN,KENr103,4022254,988944,DHS (45)
KEN,KENr104,6507205,1567760,DHS (45)
KEN,KENr105,6247098,1370104,DHS (45)
KEN,KENr106,12457650,2932000,DHS (45)
KEN,KENr107,5005509,1044314,DHS (45)
KEN,KENr108,3705657,635812,DHS (45)
KGZ,KGZr101,1156344,371699,Modeled using DHS data (51)
KGZ,KGZr102,1429659,460199,Modeled using DHS data (51)
KGZ,KGZr103,273581,87903,Modeled using DHS data (51)
KGZ,KGZr104,2930518,947837,Modeled using DHS data (51)
KHM,KHMr101,771189,160220,DHS (45)
KHM,KHMr102,1721038,349547,DHS (45)
KHM,KHMr103,501155,114556,DHS (45)
KHM,KHMr104,779018,158469,DHS (45)
KHM,KHMr105,672238,144079,DHS (45)
KHM,KHMr106,1413066,297465,DHS (45)
KHM,KHMr107,135895,29229,DHS (45)
KHM,KHMr108,1712189,315762,DHS (45)
KHM,KHMr109,948582,224593,DHS (45)
KHM,KHMr110,412479,87949,DHS (45)
KHM,KHMr111,481966,116208,DHS (45)
KHM,KHMr112,880955,190842,DHS (45)
KHM,KHMr113,1461983,302562,DHS (45)
KHM,KHMr114,894995,195186,DHS (45)
KHM,KHMr115,726486,143811,DHS (45)
KHM,KHMr116,300045,58768,DHS (45)
KHM,KHMr117,1553931,319182,DHS (45)
KOR,KORr101,25294346,8154790,Modeled using LIS data (49)
KOR,KORr102,7563786,2455515,Modeled using LIS data (49)
KOR,KORr103,5232988,1701040,Modeled using LIS data (49)
KOR,KORr104,5010353,1629138,Modeled using LIS data (49)
KOR,KORr105,5276447,1714760,Modeled using LIS data (49)
KOR,KORr106,1605558,523792,Modeled using LIS data (49)
KOR,KORr107,525198,171844,Modeled using LIS data (49)
KWT,KWTr101,2576762,810032,Modeled using LIS data (49)
KWT,KWTr102,829460,253882,Modeled using LIS data (49)
KWT,KWTr103,479317,144884,Modeled using LIS data (49)
LAO,LAOr101,450015,104198,Modeled using DHS data (51)
LAO,LAOr102,188457,42261,Modeled using DHS data (51)
LAO,LAOr103,201488,45541,Modeled using DHS data (51)
LAO,LAOr104,348286,78141,Modeled using DHS data (51)
LAO,LAOr105,189028,42775,Modeled using DHS data (51)
LAO,LAOr106,471557,106323,Modeled using DHS data (51)
LAO,LAOr107,295825,66728,Modeled using DHS data (51)
LAO,LAOr108,417998,96013,Modeled using DHS data (51)
LAO,LAOr109,287866,66231,Modeled using DHS data (51)
LAO,LAOr110,754849,171220,Modeled using DHS data (51)
LAO,LAOr111,343951,79063,Modeled using DHS data (51)
LAO,LAOr112,428198,96548,Modeled using DHS data (51)
LAO,LAOr113,977405,217369,Modeled using DHS data (51)
LAO,LAOr114,424176,94801,Modeled using DHS data (51)
LAO,LAOr115,119525,27143,Modeled using DHS data (51)
LAO,LAOr116,770093,174064,Modeled using DHS data (51)
LAO,LAOr117,150728,34126,Modeled using DHS data (51)
LBN,LBNr101,411312,90474,Modeled using DHS data (51)
LBN,LBNr102,2122862,474300,Modeled using DHS data (51)
LBN,LBNr103,1780693,395342,Modeled using DHS data (51)
LBN,LBNr104,495371,111759,Modeled using DHS data (51)
LBN,LBNr105,1527920,344356,Modeled using DHS data (51)
LBR,LBRr101,173357,35604,DHS (45)
LBR,LBRr102,394463,86016,DHS (45)
LBR,LBRr103,102469,20722,DHS (45)
LBR,LBRr104,262638,60240,DHS (45)
LBR,LBRr105,167705,31678,DHS (45)
LBR,LBRr106,166773,32048,DHS (45)
LBR,LBRr107,62256,10273,DHS (45)
LBR,LBRr108,365985,74309,DHS (45)
LBR,LBRr109,413442,82617,DHS (45)
LBR,LBRr110,170279,29302,DHS (45)
LBR,LBRr111,1370325,288469,DHS (45)
LBR,LBRr112,592571,98601,DHS (45)
LBR,LBRr113,97371,19003,DHS (45)
LBR,LBRr114,104952,19529,DHS (45)
LBR,LBRr115,119775,22831,DHS (45)
LBY,LBYr101,1864098,604183,Modeled using DHS data (51)
LBY,LBYr102,3830275,1237302,Modeled using DHS data (51)
LBY,LBYr103,473024,153636,Modeled using DHS data (51)
LIE,LIEt,37634,12359,Modeled using LIS data (49)
LKA,LKAt,21233568,6422033,Modeled using LIS data (49)
LSO,LSOr101,123277,29403,DHS (45)
LSO,LSOr102,323084,74780,DHS (45)
LSO,LSOr103,306285,74281,DHS (45)
LSO,LSOr104,487683,129190,DHS (45)
LSO,LSOr105,209338,51593,DHS (45)
LSO,LSOr106,182802,38864,DHS (45)
LSO,LSOr107,137688,27722,DHS (45)
LSO,LSOr108,79778,19484,DHS (45)
LSO,LSOr109,122594,24952,DHS (45)
LSO,LSOr110,143533,30762,DHS (45)
LTU,LTUr101,148375,69097,LIS (33)
LTU,LTUr102,589351,277331,LIS (33)
LTU,LTUr103,337595,152392,LIS (33)
LTU,LTUr104,156188,66971,LIS (33)
LTU,LTUr105,237250,113119,LIS (33)
LTU,LTUr106,290105,137353,LIS (33)
LTU,LTUr107,91619,38258,LIS (33)
LTU,LTUr108,141049,59640,LIS (33)
LTU,LTUr109,141410,73258,LIS (33)
LTU,LTUr110,830975,389227,LIS (33)
LUX,LUXt,566341,217237,LIS (33)
LVA,LVAr101,986434,324811,Modeled using LIS data (49)
LVA,LVAr103,204345,67392,Modeled using LIS data (49)
LVA,LVAr104,259229,85423,Modeled using LIS data (49)
LVA,LVAr105,249632,82264,Modeled using LIS data (49)
LVA,LVAr106,293455,96733,Modeled using LIS data (49)
MAR,MARr101,7602714,1604573,Modeled using DHS data (51)
MAR,MARr102,3753538,841607,Modeled using DHS data (51)
MAR,MARr103,7644997,1613229,Modeled using DHS data (51)
MAR,MARr104,2325247,523767,Modeled using DHS data (51)
MAR,MARr105,2569810,580265,Modeled using DHS data (51)
MAR,MARr106,6428774,1453386,Modeled using DHS data (51)
MAR,MARr107,4699938,1062310,Modeled using DHS data (51)
MDA,MDAr101,838871,184126,Modeled using DHS data (51)
MDA,MDAr102,1094610,239742,Modeled using DHS data (51)
MDA,MDAr103,654152,145779,Modeled using DHS data (51)
MDA,MDAr104,697685,152725,Modeled using DHS data (51)
MDG,MDGr101,3959717,868189,Modeled using DHS data (51)
MDG,MDGr102,1869718,424745,Modeled using DHS data (51)
MDG,MDGr103,728217,166154,Modeled using DHS data (51)
MDG,MDGr104,563358,129118,Modeled using DHS data (51)
MDG,MDGr105,1212729,276608,Modeled using DHS data (51)
MDG,MDGr106,743003,169608,Modeled using DHS data (51)
MDG,MDGr107,1673670,381492,Modeled using DHS data (51)
MDG,MDGr108,445720,102188,Modeled using DHS data (51)
MDG,MDGr109,1113684,254321,Modeled using DHS data (51)
MDG,MDGr110,1304641,296486,Modeled using DHS data (51)
MDG,MDGr111,1113997,253362,Modeled using DHS data (51)
MDG,MDGr112,1101297,250481,Modeled using DHS data (51)
MDG,MDGr113,988532,225148,Modeled using DHS data (51)
MDG,MDGr114,1433365,325708,Modeled using DHS data (51)
MDG,MDGr115,317477,72897,Modeled using DHS data (51)
MDG,MDGr116,380351,87219,Modeled using DHS data (51)
MDG,MDGr117,1531255,348893,Modeled using DHS data (51)
MDG,MDGr118,919772,209970,Modeled using DHS data (51)
MDG,MDGr119,731113,167278,Modeled using DHS data (51)
MDG,MDGr120,743379,169851,Modeled using DHS data (51)
MDG,MDGr121,817557,181893,Modeled using DHS data (51)
MDG,MDGr122,1008465,228083,Modeled using DHS data (51)
MEX,MEXr101,1264485,330861,LIS (33)
MEX,MEXr102,3372789,949374,LIS (33)
MEX,MEXr103,759223,223039,LIS (33)
MEX,MEXr104,887841,238479,LIS (33)
MEX,MEXr105,3440883,949864,LIS (33)
MEX,MEXr106,735831,222494,LIS (33)
MEX,MEXr107,5290150,1330531,LIS (33)
MEX,MEXr108,3565833,961723,LIS (33)
MEX,MEXr109,8106820,1963331,LIS (33)
MEX,MEXr110,1370154,277141,LIS (33)
MEX,MEXr111,5985630,1587655,LIS (33)
MEX,MEXr112,3611245,947363,LIS (33)
MEX,MEXr113,3150943,889230,LIS (33)
MEX,MEXr114,7892689,2094055,LIS (33)
MEX,MEXr115,17154017,4481912,LIS (33)
MEX,MEXr116,4628912,1244320,LIS (33)
MEX,MEXr117,1942702,564117,LIS (33)
MEX,MEXr118,1161014,306045,LIS (33)
MEX,MEXr119,5118389,1446085,LIS (33)
MEX,MEXr120,4013169,1029015,LIS (33)
MEX,MEXr121,6413876,1704317,LIS (33)
MEX,MEXr122,2012631,548781,LIS (33)
MEX,MEXr123,1494020,388987,LIS (33)
MEX,MEXr124,2710837,707238,LIS (33)
MEX,MEXr125,2890179,772987,LIS (33)
MEX,MEXr126,2910356,842205,LIS (33)
MEX,MEXr127,2406674,666132,LIS (33)
MEX,MEXr128,3491266,986552,LIS (33)
MEX,MEXr129,1060487,197758,LIS (33)
MEX,MEXr130,7839318,2109795,LIS (33)
MEX,MEXr131,2072746,553111,LIS (33)
MEX,MEXr132,1622748,498991,LIS (33)
MKD,MKDr101,633100,177027,Modeled using LIS data (49)
MKD,MKDr102,237379,65873,Modeled using LIS data (49)
MKD,MKDr103,157848,43697,Modeled using LIS data (49)
MKD,MKDr104,178219,49452,Modeled using LIS data (49)
MKD,MKDr105,221796,61502,Modeled using LIS data (49)
MKD,MKDr106,178099,49352,Modeled using LIS data (49)
MKD,MKDr107,328686,91499,Modeled using LIS data (49)
MKD,MKDr108,182997,50711,Modeled using LIS data (49)
MLI,MLIr101,2450495,426328,DHS (45)
MLI,MLIr102,3199775,552960,DHS (45)
MLI,MLIr103,3338384,578480,DHS (45)
MLI,MLIr104,2827907,490872,DHS (45)
MLI,MLIr105,2457770,429631,DHS (45)
MLI,MLIr106,871856,153099,DHS (45)
MLI,MLIr107,789605,137656,DHS (45)
MLI,MLIr108,2177286,373392,DHS (45)
MMR,MMRr101,1714444,367485,DHS (45)
MMR,MMRr102,292433,64021,DHS (45)
MMR,MMRr103,1517104,317848,DHS (45)
MMR,MMRr104,551043,108405,DHS (45)
MMR,MMRr105,5610717,1200011,DHS (45)
MMR,MMRr106,1350227,291255,DHS (45)
MMR,MMRr107,4970326,1169044,DHS (45)
MMR,MMRr108,3967344,949419,DHS (45)
MMR,MMRr109,7214522,1669131,DHS (45)
MMR,MMRr110,2047159,448165,DHS (45)
MMR,MMRr111,1949497,386210,DHS (45)
MMR,MMRr112,7572532,1790700,DHS (45)
MMR,MMRr113,6047238,1292270,DHS (45)
MMR,MMRr114,6267500,1424329,DHS (45)
MNE,MNEr101,169918,55799,Modeled using LIS data (49)
MNE,MNEr102,311216,102278,Modeled using LIS data (49)
MNE,MNEr103,140272,45968,Modeled using LIS data (49)
MNG,MNGr101,346744,96086,Modeled using LIS data (49)
MNG,MNGr102,542039,150963,Modeled using LIS data (49)
MNG,MNGr103,485210,134904,Modeled using LIS data (49)
MNG,MNGr104,195975,53913,Modeled using LIS data (49)
MNG,MNGr105,1420609,402624,Modeled using LIS data (49)
MOZ,MOZr101,1728355,380960,Modeled using DHS data (51)
MOZ,MOZr102,1993969,437584,Modeled using DHS data (51)
MOZ,MOZr103,5155319,1133394,Modeled using DHS data (51)
MOZ,MOZr104,5099544,1122379,Modeled using DHS data (51)
MOZ,MOZr105,2776247,609923,Modeled using DHS data (51)
MOZ,MOZr106,1946423,426694,Modeled using DHS data (51)
MOZ,MOZr107,2076470,455129,Modeled using DHS data (51)
MOZ,MOZr108,1404420,308731,Modeled using DHS data (51)
MOZ,MOZr109,1416661,313387,Modeled using DHS data (51)
MOZ,MOZr110,658139,143843,Modeled using DHS data (51)
MOZ,MOZr111,2506082,540614,Modeled using DHS data (51)
MRT,MRTr101,471834,102301,Modeled using DHS data (51)
MRT,MRTr102,310643,67487,Modeled using DHS data (51)
MRT,MRTr103,342053,74681,Modeled using DHS data (51)
MRT,MRTr104,348712,75676,Modeled using DHS data (51)
MRT,MRTr105,350842,77514,Modeled using DHS data (51)
MRT,MRTr106,1452594,323436,Modeled using DHS data (51)
MRT,MRTr107,66345,14866,Modeled using DHS data (51)
MRT,MRTr108,146350,32682,Modeled using DHS data (51)
MRT,MRTr109,88616,19718,Modeled using DHS data (51)
MRT,MRTr110,284656,61989,Modeled using DHS data (51)
MRT,MRTr111,60822,13594,Modeled using DHS data (51)
MRT,MRTr112,23573,5276,Modeled using DHS data (51)
MUS,MUSr101,599578,183204,Modeled using LIS data (49)
MUS,MUSr102,633381,193965,Modeled using LIS data (49)
MUS,MUSr103,41374,11660,Modeled using LIS data (49)
MWI,MWIr101,1206444,282814,DHS (45)
MWI,MWIr102,803124,164638,DHS (45)
MWI,MWIr103,653216,138551,DHS (45)
MWI,MWIr104,1027715,212303,DHS (45)
MWI,MWIr105,1138424,224534,DHS (45)
MWI,MWIr106,451947,92331,DHS (45)
MWI,MWIr107,759781,180303,DHS (45)
MWI,MWIr108,814378,187832,DHS (45)
MWI,MWIr109,2595781,569193,DHS (45)
MWI,MWIr110,645984,144856,DHS (45)
MWI,MWIr111,1090617,218607,DHS (45)
MWI,MWIr112,3441816,739936,DHS (45)
MWI,MWIr113,2273253,494860,DHS (45)
MYS,MYSr101,3634280,1055815,Modeled using LIS data (49)
MYS,MYSr102,2086673,598987,Modeled using LIS data (49)
MYS,MYSr103,1585294,451707,Modeled using LIS data (49)
MYS,MYSr104,891577,251737,Modeled using LIS data (49)
MYS,MYSr105,1068770,303264,Modeled using LIS data (49)
MYS,MYSr106,1583932,454125,Modeled using LIS data (49)
MYS,MYSr107,1648064,469260,Modeled using LIS data (49)
MYS,MYSr108,2550146,736248,Modeled using LIS data (49)
MYS,MYSr109,246274,68779,Modeled using LIS data (49)
MYS,MYSr110,6286402,1860062,Modeled using LIS data (49)
MYS,MYSr111,1084301,307443,Modeled using LIS data (49)
MYS,MYSr112,3544661,1033544,Modeled using LIS data (49)
MYS,MYSr113,2622764,760873,Modeled using LIS data (49)
MYS,MYSr114,2062907,598393,Modeled using LIS data (49)
MYS,MYSr115,82738,23004,Modeled using LIS data (49)
NAM,NAMr101,98015,23540,DHS (45)
NAM,NAMr102,175128,51110,DHS (45)
NAM,NAMr103,85878,21703,DHS (45)
NAM,NAMr104,86385,22876,DHS (45)
NAM,NAMr105,388567,97595,DHS (45)
NAM,NAMr106,95470,25912,DHS (45)
NAM,NAMr107,256041,45815,DHS (45)
NAM,NAMr108,234999,39950,DHS (45)
NAM,NAMr109,73772,20669,DHS (45)
NAM,NAMr110,253027,47822,DHS (45)
NAM,NAMr111,187148,45784,DHS (45)
NAM,NAMr112,194647,44118,DHS (45)
NAM,NAMr113,150347,37385,DHS (45)
NER,NERr101,610059,136390,Modeled using DHS data (51)
NER,NERr102,710074,156139,Modeled using DHS data (51)
NER,NERr103,2303249,502332,Modeled using DHS data (51)
NER,NERr104,3938180,860946,Modeled using DHS data (51)
NER,NERr105,4605845,1029484,Modeled using DHS data (51)
NER,NERr106,3867896,823601,Modeled using DHS data (51)
NER,NERr107,4099335,871290,Modeled using DHS data (51)
NGA,NGAr101,5447733,1298789,DHS (45)
NGA,NGAr102,5720902,1372966,DHS (45)
NGA,NGAr103,6217011,985767,DHS (45)
NGA,NGAr104,4118657,932435,DHS (45)
NGA,NGAr105,5521552,1218590,DHS (45)
NGA,NGAr106,5487209,1287148,DHS (45)
NGA,NGAr107,3665458,922274,DHS (45)
NGA,NGAr108,4097689,762173,DHS (45)
NGA,NGAr109,5159897,1407725,DHS (45)
NGA,NGAr110,7688915,1560357,DHS (45)
NGA,NGAr111,12277635,2007200,DHS (45)
NGA,NGAr112,7543228,1230686,DHS (45)
NGA,NGAr113,3021693,686882,DHS (45)
NGA,NGAr114,10823322,2872990,DHS (45)
NGA,NGAr115,5253126,982310,DHS (45)
NGA,NGAr116,4944690,1607866,DHS (45)
NGA,NGAr117,4472265,1112570,DHS (45)
NGA,NGAr118,7236754,1803630,DHS (45)
NGA,NGAr119,4101147,813480,DHS (45)
NGA,NGAr120,7062256,2143142,DHS (45)
NGA,NGAr121,4840539,822810,DHS (45)
NGA,NGAr122,3812138,1023743,DHS (45)
NGA,NGAr123,5509248,1324189,DHS (45)
NGA,NGAr124,4265485,981665,DHS (45)
NGA,NGAr125,5610212,972012,DHS (45)
NGA,NGAr126,4281455,692811,DHS (45)
NGA,NGAr127,4446303,1167649,DHS (45)
NGA,NGAr128,4408423,1124954,DHS (45)
NGA,NGAr129,2943533,507503,DHS (45)
NGA,NGAr130,3158559,555072,DHS (45)
NGA,NGAr131,2197460,458701,DHS (45)
NGA,NGAr132,2885206,622418,DHS (45)
NGA,NGAr133,3163745,845727,DHS (45)
NGA,NGAr134,3138170,509651,DHS (45)
NGA,NGAr135,2424727,437374,DHS (45)
NGA,NGAr136,4301114,736288,DHS (45)
NGA,NGAr137,2226269,553308,DHS (45)
NIC,NICr101,3175577,706265,Modeled using DHS data (51)
NIC,NICr102,2123965,474145,Modeled using DHS data (51)
NIC,NICr103,944200,210919,Modeled using DHS data (51)
NLD,NLDr101,564001,186436,Modeled using LIS data (49)
NLD,NLDr102,660694,218372,Modeled using LIS data (49)
NLD,NLDr103,507028,167582,Modeled using LIS data (49)
NLD,NLDr104,1154318,381614,Modeled using LIS data (49)
NLD,NLDr105,2057949,679929,Modeled using LIS data (49)
NLD,NLDr106,410902,135848,Modeled using LIS data (49)
NLD,NLDr107,1286767,425183,Modeled using LIS data (49)
NLD,NLDr108,2767689,913984,Modeled using LIS data (49)
NLD,NLDr109,3589217,1184724,Modeled using LIS data (49)
NLD,NLDr110,377754,125034,Modeled using LIS data (49)
NLD,NLDr111,2517220,831266,Modeled using LIS data (49)
NLD,NLDr112,1116935,369373,Modeled using LIS data (49)
NOR,NORr101,1217190,400033,Modeled using LIS data (49)
NOR,NORr102,386949,127293,Modeled using LIS data (49)
NOR,NORr103,966039,317791,Modeled using LIS data (49)
NOR,NORr104,734950,241772,Modeled using LIS data (49)
NOR,NORr105,778165,255732,Modeled using LIS data (49)
NOR,NORr106,430708,141544,Modeled using LIS data (49)
NOR,NORr107,429325,141111,Modeled using LIS data (49)
NPL,NPLr101,6208068,1378661,DHS (45)
NPL,NPLr102,10388811,2272243,DHS (45)
NPL,NPLr103,4781556,1093684,DHS (45)
NPL,NPLr104,3350266,701465,DHS (45)
NPL,NPLr105,2911131,602047,DHS (45)
NZL,NZLr101,160091,52183,Modeled using LIS data (49)
NZL,NZLr102,1481559,484420,Modeled using LIS data (49)
NZL,NZLr103,433632,141539,Modeled using LIS data (49)
NZL,NZLr104,279241,91029,Modeled using LIS data (49)
NZL,NZLr105,46957,15178,Modeled using LIS data (49)
NZL,NZLr106,159817,51991,Modeled using LIS data (49)
NZL,NZLr107,117240,38014,Modeled using LIS data (49)
NZL,NZLr108,240384,78268,Modeled using LIS data (49)
NZL,NZLr109,491738,160442,Modeled using LIS data (49)
NZL,NZLr110,99593,32411,Modeled using LIS data (49)
NZL,NZLr111,47203,15243,Modeled using LIS data (49)
NZL,NZLr112,33416,10892,Modeled using LIS data (49)
NZL,NZLr113,602256,196560,Modeled using LIS data (49)
NZL,NZLr114,196274,63844,Modeled using LIS data (49)
NZL,NZLr115,100478,32536,Modeled using LIS data (49)
OMN,OMNt,4195747,1323856,Modeled using LIS data (49)
PAK,PAKr101,115272352,17236985,DHS (45)
PAK,PAKr102,46940025,6600362,DHS (45)
PAK,PAKr103,29268652,3801431,DHS (45)
PAK,PAKr104,7993141,950507,DHS (45)
PAK,PAKr105,2319004,388358,DHS (45)
PAK,PAKr106,1029535,134421,DHS (45)
PAK,PAKr107,3649897,562091,DHS (45)
PAK,PAKr108,4343090,514833,DHS (45)
PAN,PANr101,143811,47066,Modeled using LIS data (49)
PAN,PANr102,265662,87028,Modeled using LIS data (49)
PAN,PANr103,268924,87960,Modeled using LIS data (49)
PAN,PANr104,471011,154538,Modeled using LIS data (49)
PAN,PANr105,55037,18002,Modeled using LIS data (49)
PAN,PANr106,120887,39629,Modeled using LIS data (49)
PAN,PANr107,98199,32139,Modeled using LIS data (49)
PAN,PANr108,2002149,658925,Modeled using LIS data (49)
PAN,PANr109,248963,81609,Modeled using LIS data (49)
PAN,PANr110,13013,4268,Modeled using LIS data (49)
PAN,PANr111,10775,3500,Modeled using LIS data (49)
PAN,PANr112,184566,60456,Modeled using LIS data (49)
PER,PERr101,6515470,2108254,LIS survey (3)
PER,PERr102,2673253,868203,LIS survey (3)
PER,PERr103,3149332,1021650,LIS survey (3)
PER,PERr104,3297516,1071824,LIS survey (3)
PER,PERr105,11930099,3859500,LIS survey (3)
PER,PERr106,2948721,957137,LIS survey (3)
PHL,PHLr101,12171992,2928478,DHS (45)
PHL,PHLr102,1852712,462898,DHS (45)
PHL,PHLr103,5181293,1128595,DHS (45)
PHL,PHLr104,3654841,859950,DHS (45)
PHL,PHLr105,11415990,2589362,DHS (45)
PHL,PHLr106,14197893,3205500,DHS (45)
PHL,PHLr107,2862810,673652,DHS (45)
PHL,PHLr108,5766814,1214938,DHS (45)
PHL,PHLr109,7424862,1716626,DHS (45)
PHL,PHLr110,7162890,1654857,DHS (45)
PHL,PHLr111,4116226,895925,DHS (45)
PHL,PHLr112,3492166,783284,DHS (45)
PHL,PHLr113,4877939,1110853,DHS (45)
PHL,PHLr114,5052180,1491414,DHS (45)
PHL,PHLr115,4387678,964206,DHS (45)
PHL,PHLr116,2609209,550460,DHS (45)
PHL,PHLr117,2685853,489626,DHS (45)
PNG,PNGr101,201574,38462,DHS (45)
PNG,PNGr102,130381,25310,DHS (45)
PNG,PNGr103,254970,49363,DHS (45)
PNG,PNGr104,369590,68124,DHS (45)
PNG,PNGr105,264336,50832,DHS (45)
PNG,PNGr106,208973,40393,DHS (45)
PNG,PNGr107,644298,122441,DHS (45)
PNG,PNGr108,583235,110603,DHS (45)
PNG,PNGr109,434249,81603,DHS (45)
PNG,PNGr110,521909,97303,DHS (45)
PNG,PNGr111,710408,136167,DHS (45)
PNG,PNGr112,734296,140538,DHS (45)
PNG,PNGr113,551044,105707,DHS (45)
PNG,PNGr114,497006,96083,DHS (45)
PNG,PNGr115,252356,48686,DHS (45)
PNG,PNGr116,42149,8077,DHS (45)
PNG,PNGr117,155825,30010,DHS (45)
PNG,PNGr118,297607,56764,DHS (45)
PNG,PNGr119,262347,50329,DHS (45)
PNG,PNGr120,256609,49087,DHS (45)
PNG,PNGr121,486292,92836,DHS (45)
PNG,PNGr122,466602,89061,DHS (45)
POL,POLr101,2512850,875769,LIS (33)
POL,POLr102,5370190,1868073,LIS (33)
POL,POLr103,3366919,1216444,LIS (33)
POL,POLr104,4570569,1750072,LIS (33)
POL,POLr105,2159652,758838,LIS (33)
POL,POLr106,2134601,687616,LIS (33)
POL,POLr107,1273789,437633,LIS (33)
POL,POLr108,1199119,456292,LIS (33)
POL,POLr109,3498216,1135477,LIS (33)
POL,POLr110,1714158,671644,LIS (33)
POL,POLr111,1026709,379582,LIS (33)
POL,POLr112,2912387,1133917,LIS (33)
POL,POLr113,991906,364236,LIS (33)
POL,POLr114,2098353,774811,LIS (33)
POL,POLr115,1456793,554412,LIS (33)
POL,POLr116,2307701,848625,LIS (33)
PRT,PRTr101,3168022,1042535,Modeled using LIS data (49)
PRT,PRTr102,453539,149363,Modeled using LIS data (49)
PRT,PRTr103,2664007,877314,Modeled using LIS data (49)
PRT,PRTr104,3147395,1036053,Modeled using LIS data (49)
PRT,PRTr105,412592,136042,Modeled using LIS data (49)
PRT,PRTr106,224567,73826,Modeled using LIS data (49)
PRT,PRTr107,255843,84119,Modeled using LIS data (49)
PRY,PRYr101,1256480,327436,LIS (33)
PRY,PRYr102,1496995,368423,LIS (33)
PRY,PRYr103,750976,187909,LIS (33)
PRY,PRYr104,616707,135032,LIS (33)
PRY,PRYr105,2075142,370738,LIS (33)
PSE,PSEr101,798417,250459,LIS survey (3)
PSE,PSEr102,622411,195294,LIS survey (3)
PSE,PSEr103,535928,168686,LIS survey (3)
PSE,PSEr104,946006,297178,LIS survey (3)
PSE,PSEr105,880725,276961,LIS survey (3)
PSE,PSEr106,737829,232084,LIS survey (3)
QAT,QATt,2403242,765677,Modeled using LIS data (49)
ROU,ROUr101,3246364,1002770,Modeled using LIS data (49)
ROU,ROUr102,2486158,760930,Modeled using LIS data (49)
ROU,ROUr103,3125197,964255,Modeled using LIS data (49)
ROU,ROUr104,2047569,626286,Modeled using LIS data (49)
ROU,ROUr105,1807687,551044,Modeled using LIS data (49)
ROU,ROUr106,2601046,800632,Modeled using LIS data (49)
ROU,ROUr107,2356620,723342,Modeled using LIS data (49)
ROU,ROUr108,2285495,698851,Modeled using LIS data (49)
RUS,RUSr101,39291295,16340130,LIS (33)
RUS,RUSr102,13779273,4835054,LIS (33)
RUS,RUSr103,14001786,4232821,LIS (33)
RUS,RUSr104,9757719,2975311,LIS (33)
RUS,RUSr105,29848996,12073650,LIS (33)
RUS,RUSr106,12268962,5018301,LIS (33)
RUS,RUSr107,19197471,7930077,LIS (33)
RUS,RUSr108,6127526,2039916,LIS (33)
RWA,RWAr101,1305090,314411,DHS (45)
RWA,RWAr102,2826347,649689,DHS (45)
RWA,RWAr103,2648628,580879,DHS (45)
RWA,RWAr104,1814709,414725,DHS (45)
RWA,RWAr105,3026944,689175,DHS (45)
SAU,SAUr101,9941542,3239105,Modeled using LIS data (49)
SAU,SAUr102,11508289,3749228,Modeled using LIS data (49)
SAU,SAUr103,4715955,1539825,Modeled using LIS data (49)
SAU,SAUr104,4982483,1627338,Modeled using LIS data (49)
SAU,SAUr105,1580824,517148,Modeled using LIS data (49)
SDN,SDNr101,838654,187370,Modeled using DHS data (51)
SDN,SDNr102,1374743,306389,Modeled using DHS data (51)
SDN,SDNr103,1931055,430859,Modeled using DHS data (51)
SDN,SDNr104,1963645,431026,Modeled using DHS data (51)
SDN,SDNr105,1688878,371367,Modeled using DHS data (51)
SDN,SDNr106,6726145,1494301,Modeled using DHS data (51)
SDN,SDNr107,3948728,880648,Modeled using DHS data (51)
SDN,SDNr108,2241914,499212,Modeled using DHS data (51)
SDN,SDNr109,1663913,370979,Modeled using DHS data (51)
SDN,SDNr110,995114,219142,Modeled using DHS data (51)
SDN,SDNr111,4132955,901898,Modeled using DHS data (51)
SDN,SDNr112,895239,197306,Modeled using DHS data (51)
SDN,SDNr113,2846627,622838,Modeled using DHS data (51)
SDN,SDNr114,1380703,304075,Modeled using DHS data (51)
SDN,SDNr115,5570981,1207475,Modeled using DHS data (51)
SEN,SENr101,3223407,482342,DHS (45)
SEN,SENr102,583037,72427,DHS (45)
SEN,SENr103,1601959,165786,DHS (45)
SEN,SENr104,1550380,190685,DHS (45)
SEN,SENr105,901181,105394,DHS (45)
SEN,SENr106,1631870,146241,DHS (45)
SEN,SENr107,1870859,191150,DHS (45)
SEN,SENr108,918826,103122,DHS (45)
SEN,SENr109,755136,75920,DHS (45)
SEN,SENr110,1196767,116908,DHS (45)
SGP,SGPt,5630761,1833500,Modeled using LIS data (49)
SLB,SLBt,507139,114050,Modeled using DHS data (51)
SLE,SLEr101,591339,97063,DHS (45)
SLE,SLEr102,396135,55848,DHS (45)
SLE,SLEr103,390209,62343,DHS (45)
SLE,SLEr104,652708,98853,DHS (45)
SLE,SLEr105,501022,77249,DHS (45)
SLE,SLEr106,511130,95286,DHS (45)
SLE,SLEr107,705963,122123,DHS (45)
SLE,SLEr108,426905,69587,DHS (45)
SLE,SLEr109,723129,118751,DHS (45)
SLE,SLEr110,197114,34204,DHS (45)
SLE,SLEr111,360982,62522,DHS (45)
SLE,SLEr112,354181,65180,DHS (45)
SLE,SLEr113,560746,94422,DHS (45)
SLE,SLEr114,865273,162549,DHS (45)
SLV,SLVr101,1380745,300856,Modeled using DHS data (51)
SLV,SLVr102,2981502,677465,Modeled using DHS data (51)
SLV,SLVr103,654325,143848,Modeled using DHS data (51)
SLV,SLVr104,1187356,259469,Modeled using DHS data (51)
SOM,SOMr101,1221833,261542,Modeled using DHS data (51)
SOM,SOMr102,505860,109477,Modeled using DHS data (51)
SOM,SOMr103,453235,98147,Modeled using DHS data (51)
SOM,SOMr104,272872,61316,Modeled using DHS data (51)
SOM,SOMr105,760674,170172,Modeled using DHS data (51)
SOM,SOMr106,615196,138179,Modeled using DHS data (51)
SOM,SOMr107,219345,49455,Modeled using DHS data (51)
SOM,SOMr108,606222,130809,Modeled using DHS data (51)
SOM,SOMr109,555509,123792,Modeled using DHS data (51)
SOM,SOMr110,1119707,247624,Modeled using DHS data (51)
SOM,SOMr111,588911,131939,Modeled using DHS data (51)
SOM,SOMr112,429260,95624,Modeled using DHS data (51)
SOM,SOMr113,595750,132301,Modeled using DHS data (51)
SOM,SOMr114,972944,216873,Modeled using DHS data (51)
SOM,SOMr115,1729287,385236,Modeled using DHS data (51)
SOM,SOMr116,1760795,375222,Modeled using DHS data (51)
SOM,SOMr117,638285,142039,Modeled using DHS data (51)
SOM,SOMr118,703055,155031,Modeled using DHS data (51)
SRB,SRBr101,1792206,719292,LIS (33)
SRB,SRBr102,2103556,878305,LIS (33)
SRB,SRBr103,2049655,753850,LIS (33)
SRB,SRBr104,1629663,602263,LIS (33)
SSD,SSDr101,1343148,305747,Modeled using DHS data (51)
SSD,SSDr102,1530511,323411,Modeled using DHS data (51)
SSD,SSDr103,707276,151109,Modeled using DHS data (51)
SSD,SSDr104,967492,206185,Modeled using DHS data (51)
SSD,SSDr105,777065,166075,Modeled using DHS data (51)
SSD,SSDr106,202982,45757,Modeled using DHS data (51)
SSD,SSDr107,723346,154173,Modeled using DHS data (51)
SSD,SSDr108,819195,186465,Modeled using DHS data (51)
SSD,SSDr109,1585501,361280,Modeled using DHS data (51)
SSD,SSDr110,2488127,536954,Modeled using DHS data (51)
STP,STPr101,135617,31076,Modeled using DHS data (51)
STP,STPr102,19663,4441,Modeled using DHS data (51)
STP,STPr103,23570,5299,Modeled using DHS data (51)
STP,STPr104,7743,1752,Modeled using DHS data (51)
SUR,SURr101,225904,74936,Modeled using LIS data (49)
SUR,SURr102,173362,57252,Modeled using LIS data (49)
SUR,SURr103,74082,24457,Modeled using LIS data (49)
SUR,SURr104,54493,18013,Modeled using LIS data (49)
SUR,SURr105,54822,18101,Modeled using LIS data (49)
SVK,SVKr101,615363,244013,LIS (33)
SVK,SVKr102,1835064,690811,LIS (33)
SVK,SVKr103,1353434,493900,LIS (33)
SVK,SVKr104,1629329,544158,LIS (33)
SVN,SVNr101,114458,37559,Modeled using LIS data (49)
SVN,SVNr102,322749,105862,Modeled using LIS data (49)
SVN,SVNr103,72055,23659,Modeled using LIS data (49)
SVN,SVNr104,262805,86236,Modeled using LIS data (49)
SVN,SVNr105,43218,14098,Modeled using LIS data (49)
SVN,SVNr106,69536,22755,Modeled using LIS data (49)
SVN,SVNr107,144434,47371,Modeled using LIS data (49)
SVN,SVNr108,53140,17432,Modeled using LIS data (49)
SVN,SVNr109,561321,184102,Modeled using LIS data (49)
SVN,SVNr110,204007,66804,Modeled using LIS data (49)
SVN,SVNr111,97833,32107,Modeled using LIS data (49)
SVN,SVNr112,110772,36248,Modeled using LIS data (49)
SWE,SWEr101,2221847,1091229,LIS (33)
SWE,SWEr102,1635040,828481,LIS (33)
SWE,SWEr103,802400,381900,LIS (33)
SWE,SWEr104,1464716,681995,LIS (33)
SWE,SWEr105,1957632,962791,LIS (33)
SWE,SWEr106,831398,407947,LIS (33)
SWE,SWEr107,361487,180388,LIS (33)
SWE,SWEr108,494095,239091,LIS (33)
SWZ,SWZr101,303971,66079,Modeled using DHS data (51)
SWZ,SWZr102,348820,75625,Modeled using DHS data (51)
SWZ,SWZr103,244199,56110,Modeled using DHS data (51)
SWZ,SWZr104,239173,54686,Modeled using DHS data (51)
SYR,SYRr101,883265,196854,Modeled using DHS data (51)
SYR,SYRr102,3744730,802806,Modeled using DHS data (51)
SYR,SYRr103,1810219,389631,Modeled using DHS data (51)
SYR,SYRr104,1505293,319502,Modeled using DHS data (51)
SYR,SYRr105,716611,159909,Modeled using DHS data (51)
SYR,SYRr106,1013136,225659,Modeled using DHS data (51)
SYR,SYRr107,1392232,287514,Modeled using DHS data (51)
SYR,SYRr108,3236866,666096,Modeled using DHS data (51)
SYR,SYRr109,876130,181066,Modeled using DHS data (51)
SYR,SYRr110,1149957,237865,Modeled using DHS data (51)
SYR,SYRr111,1399435,288516,Modeled using DHS data (51)
SYR,SYRr112,360756,80681,Modeled using DHS data (51)
SYR,SYRr113,1008737,214895,Modeled using DHS data (51)
SYR,SYRr114,98347,21017,Modeled using DHS data (51)
TCD,TCDr101,1223957,196105,DHS (45)
TCD,TCDr102,1690554,284007,DHS (45)
TCD,TCDr103,1667565,276725,DHS (45)
TCD,TCDr104,2368450,434620,DHS (45)
TCD,TCDr105,1418932,233701,DHS (45)
TCD,TCDr106,1632587,252725,DHS (45)
TCD,TCDr107,2618123,463766,DHS (45)
TCD,TCDr108,1497512,247149,DHS (45)
TGO,TGOr101,1746609,431352,DHS (45)
TGO,TGOr102,1346322,320311,DHS (45)
TGO,TGOr103,1645140,340674,DHS (45)
TGO,TGOr104,764947,137913,DHS (45)
TGO,TGOr105,902724,171342,DHS (45)
TGO,TGOr106,1060488,165439,DHS (45)
THA,THAr101,9807411,2883041,Modeled using LIS data (49)
THA,THAr102,20098445,6081104,Modeled using LIS data (49)
THA,THAr103,12392832,3697475,Modeled using LIS data (49)
THA,THAr104,19030519,5773917,Modeled using LIS data (49)
THA,THAr105,9396005,2775918,Modeled using LIS data (49)
TJK,TJKr101,718655,157063,DHS (45)
TJK,TJKr102,3077116,422153,DHS (45)
TJK,TJKr103,2467837,448902,DHS (45)
TJK,TJKr104,2769590,421798,DHS (45)
TJK,TJKr105,236601,47363,DHS (45)
TKM,TKMr101,805026,177923,Modeled using DHS data (51)
TKM,TKMr102,835194,188773,Modeled using DHS data (51)
TKM,TKMr103,472955,107135,Modeled using DHS data (51)
TKM,TKMr104,1199414,270281,Modeled using DHS data (51)
TKM,TKMr105,1150902,258887,Modeled using DHS data (51)
TKM,TKMr106,1295090,292639,Modeled using DHS data (51)
TLS,TLSr101,54617,9626,DHS (45)
TLS,TLSr102,61442,12212,DHS (45)
TLS,TLSr103,118315,22837,DHS (45)
TLS,TLSr104,97889,19216,DHS (45)
TLS,TLSr105,64956,13981,DHS (45)
TLS,TLSr106,287713,45891,DHS (45)
TLS,TLSr107,129468,25967,DHS (45)
TLS,TLSr108,68703,12493,DHS (45)
TLS,TLSr109,61885,12811,DHS (45)
TLS,TLSr110,50282,8798,DHS (45)
TLS,TLSr111,47468,8540,DHS (45)
TLS,TLSr112,65724,14286,DHS (45)
TLS,TLSr113,75656,14881,DHS (45)
TON,TONt,96667,22025,Modeled using DHS data (51)
TTO,TTOr101,586091,194674,Modeled using LIS data (49)
TTO,TTOr102,126925,41900,Modeled using LIS data (49)
TTO,TTOr103,290329,96101,Modeled using LIS data (49)
TTO,TTOr104,385863,127828,Modeled using LIS data (49)
TTO,TTOr105,65960,21735,Modeled using LIS data (49)
TUN,TUNr101,2728006,881983,Modeled using DHS data (51)
TUN,TUNr102,1609611,519249,Modeled using DHS data (51)
TUN,TUNr103,1222024,393659,Modeled using DHS data (51)
TUN,TUNr104,1541172,495521,Modeled using DHS data (51)
TUN,TUNr105,2688282,869053,Modeled using DHS data (51)
TUN,TUNr106,632415,204360,Modeled using DHS data (51)
TUN,TUNr107,1046350,338203,Modeled using DHS data (51)
TUR,TURr101,13752987,3048199,Modeled using DHS data (51)
TUR,TURr102,3541852,790645,Modeled using DHS data (51)
TUR,TURr103,10254223,2270560,Modeled using DHS data (51)
TUR,TURr104,7707980,1714021,Modeled using DHS data (51)
TUR,TURr105,7825374,1741396,Modeled using DHS data (51)
TUR,TURr106,10004899,2209642,Modeled using DHS data (51)
TUR,TURr107,4009382,892822,Modeled using DHS data (51)
TUR,TURr108,4715447,1049312,Modeled using DHS data (51)
TUR,TURr109,2282411,508878,Modeled using DHS data (51)
TUR,TURr110,2275082,507987,Modeled using DHS data (51)
TUR,TURr111,3930044,871212,Modeled using DHS data (51)
TUR,TURr112,8585982,1891684,Modeled using DHS data (51)
TZA,TZAr201,2391000,518442,DHS (45)
TZA,TZAr202,3630171,739211,DHS (45)
TZA,TZAr203,1858586,451033,DHS (45)
TZA,TZAr204,2357687,468740,DHS (45)
TZA,TZAr205,2564010,561111,DHS (45)
TZA,TZAr206,1264001,276645,DHS (45)
TZA,TZAr207,5471460,1225461,DHS (45)
TZA,TZAr208,954336,211060,DHS (45)
TZA,TZAr209,1426052,340942,DHS (45)
TZA,TZAr210,1578037,350078,DHS (45)
TZA,TZAr211,1828094,428492,DHS (45)
TZA,TZAr212,3163267,721146,DHS (45)
TZA,TZAr213,1586088,290582,DHS (45)
TZA,TZAr214,2701182,383277,DHS (45)
TZA,TZAr215,1843889,350472,DHS (45)
TZA,TZAr216,2443411,416240,DHS (45)
TZA,TZAr217,3627740,524719,DHS (45)
TZA,TZAr218,2771606,546840,DHS (45)
TZA,TZAr219,5277060,830839,DHS (45)
TZA,TZAr220,1970319,324180,DHS (45)
TZA,TZAr221,214008,39768,DHS (45)
TZA,TZAr222,125539,24031,DHS (45)
TZA,TZAr223,712634,121133,DHS (45)
TZA,TZAr224,231100,41775,DHS (45)
TZA,TZAr225,215451,37880,DHS (45)
UGA,UGAr101,4697026,1126047,DHS (45)
UGA,UGAr102,3939681,859603,DHS (45)
UGA,UGAr103,1609979,435252,DHS (45)
UGA,UGAr104,4183166,846896,DHS (45)
UGA,UGAr105,5563334,1057355,DHS (45)
UGA,UGAr106,4909349,974573,DHS (45)
UGA,UGAr107,2862110,560913,DHS (45)
UGA,UGAr108,4986723,1035079,DHS (45)
UGA,UGAr109,4611698,1016280,DHS (45)
UKR,UKRr101,7841522,1585133,Modeled using LIS data (49)
UKR,UKRr102,5180449,1043996,Modeled using LIS data (49)
UKR,UKRr103,14040088,2862654,Modeled using LIS data (49)
UKR,UKRr104,6767731,1366887,Modeled using LIS data (49)
UKR,UKRr105,10467939,2128477,Modeled using LIS data (49)
URY,URYr101,1326208,447922,LIS (33)
URY,URYr102,310887,99532,LIS (33)
URY,URYr103,820552,285018,LIS (33)
URY,URYr104,323342,111757,LIS (33)
URY,URYr105,144125,45723,LIS (33)
URY,URYr106,157368,58583,LIS (33)
URY,URYr107,304973,96985,LIS (33)
USA,USAr101,4909323,2116578,LIS (33)
USA,USAr102,720796,281886,LIS (33)
USA,USAr103,6918031,2874363,LIS (33)
USA,USAr104,3016628,1274363,LIS (33)
USA,USAr105,39401891,15102830,LIS (33)
USA,USAr106,5520350,2382308,LIS (33)
USA,USAr107,3612796,1513758,LIS (33)
USA,USAr108,956314,422070,LIS (33)
USA,USAr109,678426,343950,LIS (33)
USA,USAr110,20243689,8873198,LIS (33)
USA,USAr111,10314722,4295959,LIS (33)
USA,USAr112,1407929,532005,LIS (33)
USA,USAr113,1673569,681942,LIS (33)
USA,USAr114,13029973,5560320,LIS (33)
USA,USAr115,6685590,2848720,LIS (33)
USA,USAr116,3161499,1370322,LIS (33)
USA,USAr117,2945934,1260686,LIS (33)
USA,USAr118,4485832,1978192,LIS (33)
USA,USAr119,4724026,2023055,LIS (33)
USA,USAr120,1334410,616910,LIS (33)
USA,USAr121,6016510,2433799,LIS (33)
USA,USAr122,6801866,2850875,LIS (33)
USA,USAr123,10059114,4409783,LIS (33)
USA,USAr124,5555601,2375842,LIS (33)
USA,USAr125,3031986,1267606,LIS (33)
USA,USAr126,6148367,2629321,LIS (33)
USA,USAr127,1045000,463457,LIS (33)
USA,USAr128,1916561,792251,LIS (33)
USA,USAr129,2904905,1217503,LIS (33)
USA,USAr130,1349258,566381,LIS (33)
USA,USAr131,8948545,3568353,LIS (33)
USA,USAr132,2120702,893337,LIS (33)
USA,USAr133,19758137,8408303,LIS (33)
USA,USAr134,10127701,4304566,LIS (33)
USA,USAr135,764220,342015,LIS (33)
USA,USAr136,11770388,4989421,LIS (33)
USA,USAr137,3962521,1698019,LIS (33)
USA,USAr138,4070277,1739275,LIS (33)
USA,USAr139,12935789,5615467,LIS (33)
USA,USAr140,1048834,486874,LIS (33)
USA,USAr141,4944267,2179147,LIS (33)
USA,USAr142,865941,379431,LIS (33)
USA,USAr143,6676357,2883766,LIS (33)
USA,USAr144,27832931,10900075,LIS (33)
USA,USAr145,3021597,1047022,LIS (33)
USA,USAr146,634365,289303,LIS (33)
USA,USAr147,8428284,3515417,LIS (33)
USA,USAr148,7200362,2922534,LIS (33)
USA,USAr149,1869052,821546,LIS (33)
USA,USAr150,5829386,2604331,LIS (33)
USA,USAr151,594111,260409,LIS (33)
UZB,UZBr101,3444766,1106781,Modeled using DHS data (51)
UZB,UZBr102,6241566,2003134,Modeled using DHS data (51)
UZB,UZBr103,5331030,1717743,Modeled using DHS data (51)
UZB,UZBr104,1986453,637201,Modeled using DHS data (51)
UZB,UZBr105,8996638,2891141,Modeled using DHS data (51)
UZB,UZBr106,5077009,1628389,Modeled using DHS data (51)
VCT,VCTt,100625,32873,Modeled using LIS data (49)
VEN,VENr101,2063685,680063,Modeled using LIS data (49)
VEN,VENr102,172095,56346,Modeled using LIS data (49)
VEN,VENr103,1677418,551655,Modeled using LIS data (49)
VEN,VENr104,506117,165964,Modeled using LIS data (49)
VEN,VENr105,1758026,578755,Modeled using LIS data (49)
VEN,VENr106,963381,316657,Modeled using LIS data (49)
VEN,VENr107,1538702,506199,Modeled using LIS data (49)
VEN,VENr108,2547866,838506,Modeled using LIS data (49)
VEN,VENr109,373114,122267,Modeled using LIS data (49)
VEN,VENr110,220471,72211,Modeled using LIS data (49)
VEN,VENr111,991789,326156,Modeled using LIS data (49)
VEN,VENr112,838517,275487,Modeled using LIS data (49)
VEN,VENr113,1983891,652671,Modeled using LIS data (49)
VEN,VENr114,922756,303310,Modeled using LIS data (49)
VEN,VENr115,2971748,978017,Modeled using LIS data (49)
VEN,VENr116,1077792,354526,Modeled using LIS data (49)
VEN,VENr117,562432,184773,Modeled using LIS data (49)
VEN,VENr118,991021,325734,Modeled using LIS data (49)
VEN,VENr119,980075,322255,Modeled using LIS data (49)
VEN,VENr120,1313785,432132,Modeled using LIS data (49)
VEN,VENr121,756271,248108,Modeled using LIS data (49)
VEN,VENr122,675754,221781,Modeled using LIS data (49)
VEN,VENr123,4186279,1376376,Modeled using LIS data (49)
VEN,VENr124,356816,117077,Modeled using LIS data (49)
VNM,VNMr101,17565927,3715765,LIS (33)
VNM,VNMr102,14127000,3655543,LIS (33)
VNM,VNMr103,19121664,5173779,LIS (33)
VNM,VNMr104,5838636,1476261,LIS (33)
VNM,VNMr105,17202007,4655736,LIS (33)
VNM,VNMr106,18029777,4926281,LIS (33)
VUT,VUTr101,32633,7161,Modeled using DHS data (51)
VUT,VUTr102,92926,21008,Modeled using DHS data (51)
VUT,VUTr103,30171,6729,Modeled using DHS data (51)
VUT,VUTr104,29385,6436,Modeled using DHS data (51)
VUT,VUTr105,49226,11020,Modeled using DHS data (51)
VUT,VUTr106,7578,1692,Modeled using DHS data (51)
WSM,WSMt,181523,41240,Modeled using DHS data (51)
YEM,YEMr101,3010842,635347,Modeled using DHS data (51)
YEM,YEMr102,3523778,791613,Modeled using DHS data (51)
YEM,YEMr103,2715777,603174,Modeled using DHS data (51)
YEM,YEMr104,3126064,641828,Modeled using DHS data (51)
YEM,YEMr105,3450755,747392,Modeled using DHS data (51)
YEM,YEMr106,3579800,808717,Modeled using DHS data (51)
YEM,YEMr107,4148637,849462,Modeled using DHS data (51)
YEM,YEMr108,3648775,748140,Modeled using DHS data (51)
ZAF,ZAFr101,6479244,1920713,DHS (45)
ZAF,ZAFr102,6822677,1824079,DHS (45)
ZAF,ZAFr103,1262059,333750,DHS (45)
ZAF,ZAFr104,2838996,823130,DHS (45)
ZAF,ZAFr105,10734143,3042066,DHS (45)
ZAF,ZAFr106,3850549,1232526,DHS (45)
ZAF,ZAFr107,13599637,4417171,DHS (45)
ZAF,ZAFr108,4453652,1248976,DHS (45)
ZAF,ZAFr109,5791766,1585625,DHS (45)
ZMB,ZMBr101,2020201,362170,DHS (45)
ZMB,ZMBr102,2346948,437011,DHS (45)
ZMB,ZMBr103,1937823,354903,DHS (45)
ZMB,ZMBr104,1270555,247679,DHS (45)
ZMB,ZMBr105,2451232,518477,DHS (45)
ZMB,ZMBr106,2305521,418029,DHS (45)
ZMB,ZMBr107,873293,160795,DHS (45)
ZMB,ZMBr108,1979840,350130,DHS (45)
ZMB,ZMBr109,1051678,207936,DHS (45)
ZWE,ZWEr101,1909019,431824,DHS (45)
ZWE,ZWEr102,1276625,272416,DHS (45)
ZWE,ZWEr103,1504617,378774,DHS (45)
ZWE,ZWEr104,1691126,378511,DHS (45)
ZWE,ZWEr105,813003,179892,DHS (45)
ZWE,ZWEr106,735677,176798,DHS (45)
ZWE,ZWEr107,1754238,385746,DHS (45)
ZWE,ZWEr108,1629538,363240,DHS (45)
ZWE,ZWEr109,2190306,543756,DHS (45)
ZWE,ZWEr110,648360,167619,DHS (45)
MDV,MDVr101,180379,30317,DHS (45)
MDV,MDVr102,60817,12261,DHS (45)
MDV,MDVr103,57549,11614,DHS (45)
MDV,MDVr104,33798,5631,DHS (45)
MDV,MDVr105,54425,9593,DHS (45)
MDV,MDVr106,68186,13581,DHS (45)
ITA,ITAr113,520026,174907,LIS (33)
ITA,ITAr114,538104,180962,LIS (33)
CZE,CZEr101,1260254,610100,LIS (33)
BHR,BHRt,1269788,415482,Modeled using LIS data (49)
TWN,TWN,0,0,Excluded (22)
LCA,LCA,0,0,Excluded (22)
ALA,ALA,0,0,Excluded (22)
TCA,TCA,0,0,Excluded (22)
MYT,MYT,0,0,Excluded (22)
GRL,GRL,0,0,Excluded (22)
JEY,JEY,0,0,Excluded (22)
VAT,VAT,0,0,Excluded (22)
MCO,MCO,0,0,Excluded (22)
PYF,PYF,0,0,Excluded (22)
PRK,PRK,0,0,Excluded (22)
GUF,GUF,0,0,Excluded (22)
REU,REU,0,0,Excluded (22)
BRB,BRB,0,0,Excluded (22)
IMN,IMN,0,0,Excluded (22)
SJM,SJM,0,0,Excluded (22)
KIR,KIR,0,0,Excluded (22)
KNA,KNA,0,0,Excluded (22)
GIB,GIB,0,0,Excluded (22)
FJI,FJI,0,0,Excluded (22)
SMR,SMR,0,0,Excluded (22)
XKO,XKO,0,0,Excluded (22)
